/*
Navicat MySQL Data Transfer

Source Server         : local
Source Server Version : 50720
Source Host           : localhost:3306
Source Database       : weatherspider

Target Server Type    : MYSQL
Target Server Version : 50720
File Encoding         : 65001

Date: 2018-06-21 16:14:33
*/

SET FOREIGN_KEY_CHECKS=0;

-- ----------------------------
-- Table structure for proxyip
-- ----------------------------
DROP TABLE IF EXISTS `proxyip`;
CREATE TABLE `proxyip` (
  `id` bigint(20) NOT NULL AUTO_INCREMENT,
  `ip` varchar(20) DEFAULT NULL,
  `port` int(11) DEFAULT NULL,
  `type` varchar(20) DEFAULT NULL,
  `addr` varchar(100) DEFAULT NULL,
  `used` tinyint(4) DEFAULT '0',
  `other` varchar(255) DEFAULT NULL,
  PRIMARY KEY (`id`)
) ENGINE=InnoDB AUTO_INCREMENT=711 DEFAULT CHARSET=utf8;

-- ----------------------------
-- Records of proxyip
-- ----------------------------
INSERT INTO `proxyip` VALUES ('667', '61.135.217.7', '80', 'HTTP', '北京', '0', null);
INSERT INTO `proxyip` VALUES ('668', '122.114.31.177', '808', 'HTTP', '河南郑州', '0', null);
INSERT INTO `proxyip` VALUES ('669', '221.228.17.172', '8181', 'HTTPS', '江苏无锡', '0', null);
INSERT INTO `proxyip` VALUES ('670', '182.112.193.61', '8118', 'HTTPS', '河南周口', '0', null);
INSERT INTO `proxyip` VALUES ('671', '222.185.137.101', '6666', 'HTTPS', '江苏常州', '0', null);
INSERT INTO `proxyip` VALUES ('672', '101.236.60.8', '8866', '高匿', null, '0', null);
INSERT INTO `proxyip` VALUES ('673', '112.192.253.104', '8118', 'HTTPS', '四川广元', '0', null);
INSERT INTO `proxyip` VALUES ('674', '119.10.67.144', '808', 'HTTPS', '北京', '0', null);
INSERT INTO `proxyip` VALUES ('675', '114.226.65.108', '6666', 'HTTPS', '江苏常州', '0', null);
INSERT INTO `proxyip` VALUES ('676', '101.37.79.125', '3128', 'HTTPS', null, '0', null);
INSERT INTO `proxyip` VALUES ('677', '114.115.182.59', '3128', '透明', null, '0', null);
INSERT INTO `proxyip` VALUES ('678', '112.195.210.70', '10010', 'HTTPS', '四川广元', '0', null);
INSERT INTO `proxyip` VALUES ('679', '119.122.215.102', '9000', 'HTTP', '广东深圳市宝安区', '0', null);
INSERT INTO `proxyip` VALUES ('680', '27.191.234.69', '9999', 'HTTPS', '河北唐山', '0', null);
INSERT INTO `proxyip` VALUES ('681', '113.200.159.155', '9999', 'HTTP', '陕西西安', '0', null);
INSERT INTO `proxyip` VALUES ('682', '110.185.227.236', '9999', 'HTTP', '四川成都', '0', null);
INSERT INTO `proxyip` VALUES ('683', '111.231.115.150', '8888', 'HTTP', '北京', '0', null);
INSERT INTO `proxyip` VALUES ('684', '114.115.169.31', '3128', '透明', null, '0', null);
INSERT INTO `proxyip` VALUES ('685', '218.60.8.98', '3129', 'HTTPS', '辽宁沈阳', '0', null);
INSERT INTO `proxyip` VALUES ('686', '118.212.137.135', '31288', 'HTTPS', '江西', '0', null);
INSERT INTO `proxyip` VALUES ('687', '114.212.12.4', '3128', 'HTTPS', '江苏南京', '0', null);
INSERT INTO `proxyip` VALUES ('688', '120.78.78.141', '8888', '透明', null, '0', null);
INSERT INTO `proxyip` VALUES ('689', '114.215.95.188', '3128', 'HTTPS', '北京', '0', null);
INSERT INTO `proxyip` VALUES ('690', '106.15.183.98', '3128', 'HTTPS', null, '0', null);
INSERT INTO `proxyip` VALUES ('691', '116.213.98.6', '8080', 'HTTP', '北京', '0', null);
INSERT INTO `proxyip` VALUES ('692', '114.246.95.21', '8118', 'HTTP', '北京', '0', null);
INSERT INTO `proxyip` VALUES ('693', '121.42.167.160', '3128', 'HTTP', '河北唐山', '0', null);
INSERT INTO `proxyip` VALUES ('694', '112.115.57.20', '3128', 'HTTP', '云南昆明', '0', null);
INSERT INTO `proxyip` VALUES ('695', '101.132.122.230', '3128', 'HTTPS', '北京', '0', null);
INSERT INTO `proxyip` VALUES ('696', '139.224.80.139', '3128', 'HTTPS', null, '0', null);
INSERT INTO `proxyip` VALUES ('697', '123.161.17.6', '9797', 'HTTPS', '河南安阳', '0', null);
INSERT INTO `proxyip` VALUES ('698', '211.161.103.247', '9999', 'HTTPS', '上海', '0', null);
INSERT INTO `proxyip` VALUES ('699', '182.18.13.149', '53281', 'HTTPS', '北京', '0', null);
INSERT INTO `proxyip` VALUES ('700', '1.196.161.241', '9999', 'HTTP', '河南商丘', '0', null);
INSERT INTO `proxyip` VALUES ('701', '140.143.96.216', '80', 'HTTPS', null, '0', null);
INSERT INTO `proxyip` VALUES ('702', '119.188.162.165', '8081', 'HTTPS', '山东', '0', null);
INSERT INTO `proxyip` VALUES ('703', '125.121.112.69', '6666', 'HTTPS', '浙江杭州', '0', null);
INSERT INTO `proxyip` VALUES ('704', '202.10.79.185', '3128', 'HTTPS', '北京', '0', null);
INSERT INTO `proxyip` VALUES ('705', '183.129.207.74', '14823', 'HTTPS', '浙江杭州', '0', null);
INSERT INTO `proxyip` VALUES ('706', '182.88.116.200', '9797', 'HTTPS', '广西南宁', '0', null);
INSERT INTO `proxyip` VALUES ('707', '119.122.29.5', '9000', 'HTTPS', '广东深圳市罗湖区', '0', null);
INSERT INTO `proxyip` VALUES ('708', '110.185.227.244', '9999', 'HTTPS', '四川成都', '0', null);
INSERT INTO `proxyip` VALUES ('709', '183.30.197.61', '9797', 'HTTPS', '广东惠州', '0', null);
INSERT INTO `proxyip` VALUES ('710', '58.208.208.111', '3128', 'HTTPS', '江苏苏州', '0', null);

-- ----------------------------
-- Table structure for weather_city
-- ----------------------------
DROP TABLE IF EXISTS `weather_city`;
CREATE TABLE `weather_city` (
  `id` bigint(20) NOT NULL AUTO_INCREMENT,
  `code` varchar(20) DEFAULT NULL,
  `province_id` bigint(20) DEFAULT NULL,
  `name` varchar(50) DEFAULT NULL,
  `description` varchar(50) DEFAULT NULL,
  PRIMARY KEY (`id`)
) ENGINE=InnoDB AUTO_INCREMENT=350 DEFAULT CHARSET=utf8;

-- ----------------------------
-- Records of weather_city
-- ----------------------------
INSERT INTO `weather_city` VALUES ('1', '1013011', '1', '钦州', null);
INSERT INTO `weather_city` VALUES ('2', '1013001', '1', '南宁', null);
INSERT INTO `weather_city` VALUES ('3', '1013012', '1', '河池', null);
INSERT INTO `weather_city` VALUES ('4', '1013002', '1', '崇左', null);
INSERT INTO `weather_city` VALUES ('5', '1013013', '1', '北海', null);
INSERT INTO `weather_city` VALUES ('6', '1013003', '1', '柳州', null);
INSERT INTO `weather_city` VALUES ('7', '1013014', '1', '防城港', null);
INSERT INTO `weather_city` VALUES ('8', '1013004', '1', '来宾', null);
INSERT INTO `weather_city` VALUES ('9', '1013005', '1', '桂林', null);
INSERT INTO `weather_city` VALUES ('10', '1013006', '1', '梧州', null);
INSERT INTO `weather_city` VALUES ('11', '1013007', '1', '贺州', null);
INSERT INTO `weather_city` VALUES ('12', '1013008', '1', '贵港', null);
INSERT INTO `weather_city` VALUES ('13', '1013009', '1', '玉林', null);
INSERT INTO `weather_city` VALUES ('14', '1013010', '1', '百色', null);
INSERT INTO `weather_city` VALUES ('15', '1011811', '2', '焦作', null);
INSERT INTO `weather_city` VALUES ('16', '1011801', '2', '郑州', null);
INSERT INTO `weather_city` VALUES ('17', '1011812', '2', '鹤壁', null);
INSERT INTO `weather_city` VALUES ('18', '1011802', '2', '安阳', null);
INSERT INTO `weather_city` VALUES ('19', '1011813', '2', '濮阳', null);
INSERT INTO `weather_city` VALUES ('20', '1011803', '2', '新乡', null);
INSERT INTO `weather_city` VALUES ('21', '1011814', '2', '周口', null);
INSERT INTO `weather_city` VALUES ('22', '1011804', '2', '许昌', null);
INSERT INTO `weather_city` VALUES ('23', '1011815', '2', '漯河', null);
INSERT INTO `weather_city` VALUES ('24', '1011805', '2', '平顶山', null);
INSERT INTO `weather_city` VALUES ('25', '1011816', '2', '驻马店', null);
INSERT INTO `weather_city` VALUES ('26', '1011806', '2', '信阳', null);
INSERT INTO `weather_city` VALUES ('27', '1011817', '2', '三门峡', null);
INSERT INTO `weather_city` VALUES ('28', '1011807', '2', '南阳', null);
INSERT INTO `weather_city` VALUES ('29', '1011818', '2', '济源', null);
INSERT INTO `weather_city` VALUES ('30', '1011808', '2', '开封', null);
INSERT INTO `weather_city` VALUES ('31', '1011809', '2', '洛阳', null);
INSERT INTO `weather_city` VALUES ('32', '1011810', '2', '商丘', null);
INSERT INTO `weather_city` VALUES ('33', '1011701', '3', '银川', null);
INSERT INTO `weather_city` VALUES ('34', '1011702', '3', '石嘴山', null);
INSERT INTO `weather_city` VALUES ('35', '1011703', '3', '吴忠', null);
INSERT INTO `weather_city` VALUES ('36', '1011704', '3', '固原', null);
INSERT INTO `weather_city` VALUES ('37', '1011705', '3', '中卫', null);
INSERT INTO `weather_city` VALUES ('38', '1011911', '4', '常州', null);
INSERT INTO `weather_city` VALUES ('39', '1011901', '4', '南京', null);
INSERT INTO `weather_city` VALUES ('40', '1011912', '4', '泰州', null);
INSERT INTO `weather_city` VALUES ('41', '1011902', '4', '无锡', null);
INSERT INTO `weather_city` VALUES ('42', '1011913', '4', '宿迁', null);
INSERT INTO `weather_city` VALUES ('43', '1011903', '4', '镇江', null);
INSERT INTO `weather_city` VALUES ('44', '1011904', '4', '苏州', null);
INSERT INTO `weather_city` VALUES ('45', '1011905', '4', '南通', null);
INSERT INTO `weather_city` VALUES ('46', '1011906', '4', '扬州', null);
INSERT INTO `weather_city` VALUES ('47', '1011907', '4', '盐城', null);
INSERT INTO `weather_city` VALUES ('48', '1011908', '4', '徐州', null);
INSERT INTO `weather_city` VALUES ('49', '1011909', '4', '淮安', null);
INSERT INTO `weather_city` VALUES ('50', '1011910', '4', '连云港', null);
INSERT INTO `weather_city` VALUES ('51', '1011011', '5', '吕梁', null);
INSERT INTO `weather_city` VALUES ('52', '1011001', '5', '太原', null);
INSERT INTO `weather_city` VALUES ('53', '1011002', '5', '大同', null);
INSERT INTO `weather_city` VALUES ('54', '1011003', '5', '阳泉', null);
INSERT INTO `weather_city` VALUES ('55', '1011004', '5', '晋中', null);
INSERT INTO `weather_city` VALUES ('56', '1011005', '5', '长治', null);
INSERT INTO `weather_city` VALUES ('57', '1011006', '5', '晋城', null);
INSERT INTO `weather_city` VALUES ('58', '1011007', '5', '临汾', null);
INSERT INTO `weather_city` VALUES ('59', '1011008', '5', '运城', null);
INSERT INTO `weather_city` VALUES ('60', '1011009', '5', '朔州', null);
INSERT INTO `weather_city` VALUES ('61', '1011010', '5', '忻州', null);
INSERT INTO `weather_city` VALUES ('62', '1013201', '6', '香港', null);
INSERT INTO `weather_city` VALUES ('63', '1013101', '7', '海南', null);
INSERT INTO `weather_city` VALUES ('64', '1011211', '8', '滨州', null);
INSERT INTO `weather_city` VALUES ('65', '1011201', '8', '济南', null);
INSERT INTO `weather_city` VALUES ('66', '1011212', '8', '东营', null);
INSERT INTO `weather_city` VALUES ('67', '1011202', '8', '青岛', null);
INSERT INTO `weather_city` VALUES ('68', '1011213', '8', '威海', null);
INSERT INTO `weather_city` VALUES ('69', '1011203', '8', '淄博', null);
INSERT INTO `weather_city` VALUES ('70', '1011214', '8', '枣庄', null);
INSERT INTO `weather_city` VALUES ('71', '1011204', '8', '德州', null);
INSERT INTO `weather_city` VALUES ('72', '1011215', '8', '日照', null);
INSERT INTO `weather_city` VALUES ('73', '1011205', '8', '烟台', null);
INSERT INTO `weather_city` VALUES ('74', '1011216', '8', '莱芜', null);
INSERT INTO `weather_city` VALUES ('75', '1011206', '8', '潍坊', null);
INSERT INTO `weather_city` VALUES ('76', '1011217', '8', '聊城', null);
INSERT INTO `weather_city` VALUES ('77', '1011207', '8', '济宁', null);
INSERT INTO `weather_city` VALUES ('78', '1011208', '8', '泰安', null);
INSERT INTO `weather_city` VALUES ('79', '1011209', '8', '临沂', null);
INSERT INTO `weather_city` VALUES ('80', '1011210', '8', '菏泽', null);
INSERT INTO `weather_city` VALUES ('81', '1013401', '9', '台北', null);
INSERT INTO `weather_city` VALUES ('82', '1013402', '9', '高雄', null);
INSERT INTO `weather_city` VALUES ('83', '1013404', '9', '台中', null);
INSERT INTO `weather_city` VALUES ('84', '1011111', '10', '杨凌', null);
INSERT INTO `weather_city` VALUES ('85', '1011101', '10', '西安', null);
INSERT INTO `weather_city` VALUES ('86', '1011102', '10', '咸阳', null);
INSERT INTO `weather_city` VALUES ('87', '1011103', '10', '延安', null);
INSERT INTO `weather_city` VALUES ('88', '1011104', '10', '榆林', null);
INSERT INTO `weather_city` VALUES ('89', '1011105', '10', '渭南', null);
INSERT INTO `weather_city` VALUES ('90', '1011106', '10', '商洛', null);
INSERT INTO `weather_city` VALUES ('91', '1011107', '10', '安康', null);
INSERT INTO `weather_city` VALUES ('92', '1011108', '10', '汉中', null);
INSERT INTO `weather_city` VALUES ('93', '1011109', '10', '宝鸡', null);
INSERT INTO `weather_city` VALUES ('94', '1011110', '10', '铜川', null);
INSERT INTO `weather_city` VALUES ('95', '1013301', '11', '澳门', null);
INSERT INTO `weather_city` VALUES ('96', '1011401', '12', '拉萨', null);
INSERT INTO `weather_city` VALUES ('97', '1011402', '12', '日喀则', null);
INSERT INTO `weather_city` VALUES ('98', '1011403', '12', '山南', null);
INSERT INTO `weather_city` VALUES ('99', '1011404', '12', '林芝', null);
INSERT INTO `weather_city` VALUES ('100', '1011405', '12', '昌都', null);
INSERT INTO `weather_city` VALUES ('101', '1011406', '12', '那曲', null);
INSERT INTO `weather_city` VALUES ('102', '1011407', '12', '阿里', null);
INSERT INTO `weather_city` VALUES ('103', '1011311', '13', '塔城', null);
INSERT INTO `weather_city` VALUES ('104', '1011301', '13', '乌鲁木齐', null);
INSERT INTO `weather_city` VALUES ('105', '1011312', '13', '哈密', null);
INSERT INTO `weather_city` VALUES ('106', '1011302', '13', '克拉玛依', null);
INSERT INTO `weather_city` VALUES ('107', '1011313', '13', '和田', null);
INSERT INTO `weather_city` VALUES ('108', '1011303', '13', '石河子', null);
INSERT INTO `weather_city` VALUES ('109', '1011314', '13', '阿勒泰', null);
INSERT INTO `weather_city` VALUES ('110', '1011304', '13', '昌吉', null);
INSERT INTO `weather_city` VALUES ('111', '1011315', '13', '克州', null);
INSERT INTO `weather_city` VALUES ('112', '1011305', '13', '吐鲁番', null);
INSERT INTO `weather_city` VALUES ('113', '1011316', '13', '博州', null);
INSERT INTO `weather_city` VALUES ('114', '1011306', '13', '巴州', null);
INSERT INTO `weather_city` VALUES ('115', '1011307', '13', '阿拉尔', null);
INSERT INTO `weather_city` VALUES ('116', '1011308', '13', '阿克苏', null);
INSERT INTO `weather_city` VALUES ('117', '1011309', '13', '喀什', null);
INSERT INTO `weather_city` VALUES ('118', '1011310', '13', '伊犁', null);
INSERT INTO `weather_city` VALUES ('119', '1011611', '14', '临夏', null);
INSERT INTO `weather_city` VALUES ('120', '1011601', '14', '兰州', null);
INSERT INTO `weather_city` VALUES ('121', '1011612', '14', '甘南', null);
INSERT INTO `weather_city` VALUES ('122', '1011602', '14', '定西', null);
INSERT INTO `weather_city` VALUES ('123', '1011613', '14', '白银', null);
INSERT INTO `weather_city` VALUES ('124', '1011603', '14', '平凉', null);
INSERT INTO `weather_city` VALUES ('125', '1011614', '14', '嘉峪关', null);
INSERT INTO `weather_city` VALUES ('126', '1011604', '14', '庆阳', null);
INSERT INTO `weather_city` VALUES ('127', '1011605', '14', '武威', null);
INSERT INTO `weather_city` VALUES ('128', '1011606', '14', '金昌', null);
INSERT INTO `weather_city` VALUES ('129', '1011607', '14', '张掖', null);
INSERT INTO `weather_city` VALUES ('130', '1011608', '14', '酒泉', null);
INSERT INTO `weather_city` VALUES ('131', '1011609', '14', '天水', null);
INSERT INTO `weather_city` VALUES ('132', '1011610', '14', '陇南', null);
INSERT INTO `weather_city` VALUES ('133', '1011501', '15', '西宁', null);
INSERT INTO `weather_city` VALUES ('134', '1011502', '15', '海东', null);
INSERT INTO `weather_city` VALUES ('135', '1011503', '15', '黄南', null);
INSERT INTO `weather_city` VALUES ('136', '1011504', '15', '海南', null);
INSERT INTO `weather_city` VALUES ('137', '1011505', '15', '果洛', null);
INSERT INTO `weather_city` VALUES ('138', '1011506', '15', '玉树', null);
INSERT INTO `weather_city` VALUES ('139', '1011507', '15', '海西', null);
INSERT INTO `weather_city` VALUES ('140', '1011508', '15', '海北', null);
INSERT INTO `weather_city` VALUES ('141', '1011509', '15', '格尔木', null);
INSERT INTO `weather_city` VALUES ('142', '1010711', '16', '铁岭', null);
INSERT INTO `weather_city` VALUES ('143', '1010701', '16', '沈阳', null);
INSERT INTO `weather_city` VALUES ('144', '1010712', '16', '朝阳', null);
INSERT INTO `weather_city` VALUES ('145', '1010702', '16', '大连', null);
INSERT INTO `weather_city` VALUES ('146', '1010713', '16', '盘锦', null);
INSERT INTO `weather_city` VALUES ('147', '1010703', '16', '鞍山', null);
INSERT INTO `weather_city` VALUES ('148', '1010714', '16', '葫芦岛', null);
INSERT INTO `weather_city` VALUES ('149', '1010704', '16', '抚顺', null);
INSERT INTO `weather_city` VALUES ('150', '1010705', '16', '本溪', null);
INSERT INTO `weather_city` VALUES ('151', '1010706', '16', '丹东', null);
INSERT INTO `weather_city` VALUES ('152', '1010707', '16', '锦州', null);
INSERT INTO `weather_city` VALUES ('153', '1010708', '16', '营口', null);
INSERT INTO `weather_city` VALUES ('154', '1010709', '16', '阜新', null);
INSERT INTO `weather_city` VALUES ('155', '1010710', '16', '辽阳', null);
INSERT INTO `weather_city` VALUES ('156', '1012911', '17', '临沧', null);
INSERT INTO `weather_city` VALUES ('157', '1012901', '17', '昆明', null);
INSERT INTO `weather_city` VALUES ('158', '1012912', '17', '怒江', null);
INSERT INTO `weather_city` VALUES ('159', '1012902', '17', '大理', null);
INSERT INTO `weather_city` VALUES ('160', '1012913', '17', '迪庆', null);
INSERT INTO `weather_city` VALUES ('161', '1012903', '17', '红河', null);
INSERT INTO `weather_city` VALUES ('162', '1012914', '17', '丽江', null);
INSERT INTO `weather_city` VALUES ('163', '1012904', '17', '曲靖', null);
INSERT INTO `weather_city` VALUES ('164', '1012915', '17', '德宏', null);
INSERT INTO `weather_city` VALUES ('165', '1012905', '17', '保山', null);
INSERT INTO `weather_city` VALUES ('166', '1012916', '17', '西双版纳', null);
INSERT INTO `weather_city` VALUES ('167', '1012906', '17', '文山', null);
INSERT INTO `weather_city` VALUES ('168', '1012907', '17', '玉溪', null);
INSERT INTO `weather_city` VALUES ('169', '1012908', '17', '楚雄', null);
INSERT INTO `weather_city` VALUES ('170', '1012909', '17', '普洱', null);
INSERT INTO `weather_city` VALUES ('171', '1012910', '17', '昭通', null);
INSERT INTO `weather_city` VALUES ('172', '1010601', '18', '长春', null);
INSERT INTO `weather_city` VALUES ('173', '1010602', '18', '吉林', null);
INSERT INTO `weather_city` VALUES ('174', '1010603', '18', '延边', null);
INSERT INTO `weather_city` VALUES ('175', '1010604', '18', '四平', null);
INSERT INTO `weather_city` VALUES ('176', '1010605', '18', '通化', null);
INSERT INTO `weather_city` VALUES ('177', '1010606', '18', '白城', null);
INSERT INTO `weather_city` VALUES ('178', '1010607', '18', '辽源', null);
INSERT INTO `weather_city` VALUES ('179', '1010608', '18', '松原', null);
INSERT INTO `weather_city` VALUES ('180', '1010609', '18', '白山', null);
INSERT INTO `weather_city` VALUES ('181', '1012811', '19', '江门', null);
INSERT INTO `weather_city` VALUES ('182', '1012801', '19', '广州', null);
INSERT INTO `weather_city` VALUES ('183', '1012812', '19', '河源', null);
INSERT INTO `weather_city` VALUES ('184', '1012802', '19', '韶关', null);
INSERT INTO `weather_city` VALUES ('185', '1012813', '19', '清远', null);
INSERT INTO `weather_city` VALUES ('186', '1012803', '19', '惠州', null);
INSERT INTO `weather_city` VALUES ('187', '1012814', '19', '云浮', null);
INSERT INTO `weather_city` VALUES ('188', '1012804', '19', '梅州', null);
INSERT INTO `weather_city` VALUES ('189', '1012815', '19', '潮州', null);
INSERT INTO `weather_city` VALUES ('190', '1012805', '19', '汕头', null);
INSERT INTO `weather_city` VALUES ('191', '1012816', '19', '东莞', null);
INSERT INTO `weather_city` VALUES ('192', '1012806', '19', '深圳', null);
INSERT INTO `weather_city` VALUES ('193', '1012817', '19', '中山', null);
INSERT INTO `weather_city` VALUES ('194', '1012807', '19', '珠海', null);
INSERT INTO `weather_city` VALUES ('195', '1012818', '19', '阳江', null);
INSERT INTO `weather_city` VALUES ('196', '1012808', '19', '佛山', null);
INSERT INTO `weather_city` VALUES ('197', '1012819', '19', '揭阳', null);
INSERT INTO `weather_city` VALUES ('198', '1012809', '19', '肇庆', null);
INSERT INTO `weather_city` VALUES ('199', '1012820', '19', '茂名', null);
INSERT INTO `weather_city` VALUES ('200', '1012810', '19', '湛江', null);
INSERT INTO `weather_city` VALUES ('201', '1012821', '19', '汕尾', null);
INSERT INTO `weather_city` VALUES ('202', '1010911', '20', '秦皇岛', null);
INSERT INTO `weather_city` VALUES ('203', '1010901', '20', '石家庄', null);
INSERT INTO `weather_city` VALUES ('204', '1010902', '20', '保定', null);
INSERT INTO `weather_city` VALUES ('205', '1010903', '20', '张家口', null);
INSERT INTO `weather_city` VALUES ('206', '1010904', '20', '承德', null);
INSERT INTO `weather_city` VALUES ('207', '1010905', '20', '唐山', null);
INSERT INTO `weather_city` VALUES ('208', '1010906', '20', '廊坊', null);
INSERT INTO `weather_city` VALUES ('209', '1010907', '20', '沧州', null);
INSERT INTO `weather_city` VALUES ('210', '1010908', '20', '衡水', null);
INSERT INTO `weather_city` VALUES ('211', '1010909', '20', '邢台', null);
INSERT INTO `weather_city` VALUES ('212', '1010910', '20', '邯郸', null);
INSERT INTO `weather_city` VALUES ('213', '1010811', '21', '兴安盟', null);
INSERT INTO `weather_city` VALUES ('214', '1010801', '21', '呼和浩特', null);
INSERT INTO `weather_city` VALUES ('215', '1010812', '21', '阿拉善盟', null);
INSERT INTO `weather_city` VALUES ('216', '1010802', '21', '包头', null);
INSERT INTO `weather_city` VALUES ('217', '1010803', '21', '乌海', null);
INSERT INTO `weather_city` VALUES ('218', '1010804', '21', '乌兰察布', null);
INSERT INTO `weather_city` VALUES ('219', '1010805', '21', '通辽', null);
INSERT INTO `weather_city` VALUES ('220', '1010806', '21', '赤峰', null);
INSERT INTO `weather_city` VALUES ('221', '1010807', '21', '鄂尔多斯', null);
INSERT INTO `weather_city` VALUES ('222', '1010808', '21', '巴彦淖尔', null);
INSERT INTO `weather_city` VALUES ('223', '1010809', '21', '锡林郭勒', null);
INSERT INTO `weather_city` VALUES ('224', '1010810', '21', '呼伦贝尔', null);
INSERT INTO `weather_city` VALUES ('225', '1012111', '22', '舟山', null);
INSERT INTO `weather_city` VALUES ('226', '1012101', '22', '杭州', null);
INSERT INTO `weather_city` VALUES ('227', '1012102', '22', '湖州', null);
INSERT INTO `weather_city` VALUES ('228', '1012103', '22', '嘉兴', null);
INSERT INTO `weather_city` VALUES ('229', '1012104', '22', '宁波', null);
INSERT INTO `weather_city` VALUES ('230', '1012105', '22', '绍兴', null);
INSERT INTO `weather_city` VALUES ('231', '1012106', '22', '台州', null);
INSERT INTO `weather_city` VALUES ('232', '1012107', '22', '温州', null);
INSERT INTO `weather_city` VALUES ('233', '1012108', '22', '丽水', null);
INSERT INTO `weather_city` VALUES ('234', '1012109', '22', '金华', null);
INSERT INTO `weather_city` VALUES ('235', '1012110', '22', '衢州', null);
INSERT INTO `weather_city` VALUES ('236', '1012011', '23', '十堰', null);
INSERT INTO `weather_city` VALUES ('237', '1012001', '23', '武汉', null);
INSERT INTO `weather_city` VALUES ('238', '1012012', '23', '神农架', null);
INSERT INTO `weather_city` VALUES ('239', '1012002', '23', '襄阳', null);
INSERT INTO `weather_city` VALUES ('240', '1012013', '23', '随州', null);
INSERT INTO `weather_city` VALUES ('241', '1012003', '23', '鄂州', null);
INSERT INTO `weather_city` VALUES ('242', '1012014', '23', '荆门', null);
INSERT INTO `weather_city` VALUES ('243', '1012004', '23', '孝感', null);
INSERT INTO `weather_city` VALUES ('244', '1012015', '23', '天门', null);
INSERT INTO `weather_city` VALUES ('245', '1012005', '23', '黄冈', null);
INSERT INTO `weather_city` VALUES ('246', '1012016', '23', '仙桃', null);
INSERT INTO `weather_city` VALUES ('247', '1012006', '23', '黄石', null);
INSERT INTO `weather_city` VALUES ('248', '1012017', '23', '潜江', null);
INSERT INTO `weather_city` VALUES ('249', '1012007', '23', '咸宁', null);
INSERT INTO `weather_city` VALUES ('250', '1012008', '23', '荆州', null);
INSERT INTO `weather_city` VALUES ('251', '1012009', '23', '宜昌', null);
INSERT INTO `weather_city` VALUES ('252', '1012010', '23', '恩施', null);
INSERT INTO `weather_city` VALUES ('253', '1010100', '24', '北京', null);
INSERT INTO `weather_city` VALUES ('254', '1012301', '25', '福州', null);
INSERT INTO `weather_city` VALUES ('255', '1012302', '25', '厦门', null);
INSERT INTO `weather_city` VALUES ('256', '1012303', '25', '宁德', null);
INSERT INTO `weather_city` VALUES ('257', '1012304', '25', '莆田', null);
INSERT INTO `weather_city` VALUES ('258', '1012305', '25', '泉州', null);
INSERT INTO `weather_city` VALUES ('259', '1012306', '25', '漳州', null);
INSERT INTO `weather_city` VALUES ('260', '1012307', '25', '龙岩', null);
INSERT INTO `weather_city` VALUES ('261', '1012308', '25', '三明', null);
INSERT INTO `weather_city` VALUES ('262', '1012309', '25', '南平', null);
INSERT INTO `weather_city` VALUES ('263', '1012211', '26', '滁州', null);
INSERT INTO `weather_city` VALUES ('264', '1012201', '26', '合肥', null);
INSERT INTO `weather_city` VALUES ('265', '1012212', '26', '淮北', null);
INSERT INTO `weather_city` VALUES ('266', '1012202', '26', '蚌埠', null);
INSERT INTO `weather_city` VALUES ('267', '1012213', '26', '铜陵', null);
INSERT INTO `weather_city` VALUES ('268', '1012203', '26', '芜湖', null);
INSERT INTO `weather_city` VALUES ('269', '1012214', '26', '宣城', null);
INSERT INTO `weather_city` VALUES ('270', '1012204', '26', '淮南', null);
INSERT INTO `weather_city` VALUES ('271', '1012215', '26', '六安', null);
INSERT INTO `weather_city` VALUES ('272', '1012205', '26', '马鞍山', null);
INSERT INTO `weather_city` VALUES ('273', '1012206', '26', '安庆', null);
INSERT INTO `weather_city` VALUES ('274', '1012217', '26', '池州', null);
INSERT INTO `weather_city` VALUES ('275', '1012207', '26', '宿州', null);
INSERT INTO `weather_city` VALUES ('276', '1012208', '26', '阜阳', null);
INSERT INTO `weather_city` VALUES ('277', '1012209', '26', '亳州', null);
INSERT INTO `weather_city` VALUES ('278', '1012210', '26', '黄山', null);
INSERT INTO `weather_city` VALUES ('279', '1010300', '27', '天津', null);
INSERT INTO `weather_city` VALUES ('280', '1012511', '28', '张家界', null);
INSERT INTO `weather_city` VALUES ('281', '1012501', '28', '长沙', null);
INSERT INTO `weather_city` VALUES ('282', '1012512', '28', '怀化', null);
INSERT INTO `weather_city` VALUES ('283', '1012502', '28', '湘潭', null);
INSERT INTO `weather_city` VALUES ('284', '1012503', '28', '株洲', null);
INSERT INTO `weather_city` VALUES ('285', '1012514', '28', '永州', null);
INSERT INTO `weather_city` VALUES ('286', '1012504', '28', '衡阳', null);
INSERT INTO `weather_city` VALUES ('287', '1012515', '28', '湘西', null);
INSERT INTO `weather_city` VALUES ('288', '1012505', '28', '郴州', null);
INSERT INTO `weather_city` VALUES ('289', '1012506', '28', '常德', null);
INSERT INTO `weather_city` VALUES ('290', '1012507', '28', '益阳', null);
INSERT INTO `weather_city` VALUES ('291', '1012508', '28', '娄底', null);
INSERT INTO `weather_city` VALUES ('292', '1012509', '28', '邵阳', null);
INSERT INTO `weather_city` VALUES ('293', '1012510', '28', '岳阳', null);
INSERT INTO `weather_city` VALUES ('294', '1010200', '29', '上海', null);
INSERT INTO `weather_city` VALUES ('295', '1012411', '30', '鹰潭', null);
INSERT INTO `weather_city` VALUES ('296', '1012401', '30', '南昌', null);
INSERT INTO `weather_city` VALUES ('297', '1012402', '30', '九江', null);
INSERT INTO `weather_city` VALUES ('298', '1012403', '30', '上饶', null);
INSERT INTO `weather_city` VALUES ('299', '1012404', '30', '抚州', null);
INSERT INTO `weather_city` VALUES ('300', '1012405', '30', '宜春', null);
INSERT INTO `weather_city` VALUES ('301', '1012406', '30', '吉安', null);
INSERT INTO `weather_city` VALUES ('302', '1012407', '30', '赣州', null);
INSERT INTO `weather_city` VALUES ('303', '1012408', '30', '景德镇', null);
INSERT INTO `weather_city` VALUES ('304', '1012409', '30', '萍乡', null);
INSERT INTO `weather_city` VALUES ('305', '1012410', '30', '新余', null);
INSERT INTO `weather_city` VALUES ('306', '1010511', '31', '鸡西', null);
INSERT INTO `weather_city` VALUES ('307', '1010501', '31', '哈尔滨', null);
INSERT INTO `weather_city` VALUES ('308', '1010512', '31', '鹤岗', null);
INSERT INTO `weather_city` VALUES ('309', '1010502', '31', '齐齐哈尔', null);
INSERT INTO `weather_city` VALUES ('310', '1010513', '31', '双鸭山', null);
INSERT INTO `weather_city` VALUES ('311', '1010503', '31', '牡丹江', null);
INSERT INTO `weather_city` VALUES ('312', '1010504', '31', '佳木斯', null);
INSERT INTO `weather_city` VALUES ('313', '1010505', '31', '绥化', null);
INSERT INTO `weather_city` VALUES ('314', '1010506', '31', '黑河', null);
INSERT INTO `weather_city` VALUES ('315', '1010507', '31', '大兴安岭', null);
INSERT INTO `weather_city` VALUES ('316', '1010508', '31', '伊春', null);
INSERT INTO `weather_city` VALUES ('317', '1010509', '31', '大庆', null);
INSERT INTO `weather_city` VALUES ('318', '1010510', '31', '七台河', null);
INSERT INTO `weather_city` VALUES ('319', '1012711', '32', '宜宾', null);
INSERT INTO `weather_city` VALUES ('320', '1012701', '32', '成都', null);
INSERT INTO `weather_city` VALUES ('321', '1012712', '32', '内江', null);
INSERT INTO `weather_city` VALUES ('322', '1012702', '32', '攀枝花', null);
INSERT INTO `weather_city` VALUES ('323', '1012713', '32', '资阳', null);
INSERT INTO `weather_city` VALUES ('324', '1012703', '32', '自贡', null);
INSERT INTO `weather_city` VALUES ('325', '1012714', '32', '乐山', null);
INSERT INTO `weather_city` VALUES ('326', '1012704', '32', '绵阳', null);
INSERT INTO `weather_city` VALUES ('327', '1012715', '32', '眉山', null);
INSERT INTO `weather_city` VALUES ('328', '1012705', '32', '南充', null);
INSERT INTO `weather_city` VALUES ('329', '1012716', '32', '凉山', null);
INSERT INTO `weather_city` VALUES ('330', '1012706', '32', '达州', null);
INSERT INTO `weather_city` VALUES ('331', '1012717', '32', '雅安', null);
INSERT INTO `weather_city` VALUES ('332', '1012707', '32', '遂宁', null);
INSERT INTO `weather_city` VALUES ('333', '1012718', '32', '甘孜', null);
INSERT INTO `weather_city` VALUES ('334', '1012708', '32', '广安', null);
INSERT INTO `weather_city` VALUES ('335', '1012719', '32', '阿坝', null);
INSERT INTO `weather_city` VALUES ('336', '1012709', '32', '巴中', null);
INSERT INTO `weather_city` VALUES ('337', '1012720', '32', '德阳', null);
INSERT INTO `weather_city` VALUES ('338', '1012710', '32', '泸州', null);
INSERT INTO `weather_city` VALUES ('339', '1012721', '32', '广元', null);
INSERT INTO `weather_city` VALUES ('340', '1010400', '33', '重庆', null);
INSERT INTO `weather_city` VALUES ('341', '1012601', '34', '贵阳', null);
INSERT INTO `weather_city` VALUES ('342', '1012602', '34', '遵义', null);
INSERT INTO `weather_city` VALUES ('343', '1012603', '34', '安顺', null);
INSERT INTO `weather_city` VALUES ('344', '1012604', '34', '黔南', null);
INSERT INTO `weather_city` VALUES ('345', '1012605', '34', '黔东南', null);
INSERT INTO `weather_city` VALUES ('346', '1012606', '34', '铜仁', null);
INSERT INTO `weather_city` VALUES ('347', '1012607', '34', '毕节', null);
INSERT INTO `weather_city` VALUES ('348', '1012608', '34', '六盘水', null);
INSERT INTO `weather_city` VALUES ('349', '1012609', '34', '黔西南', null);

-- ----------------------------
-- Table structure for weather_country
-- ----------------------------
DROP TABLE IF EXISTS `weather_country`;
CREATE TABLE `weather_country` (
  `id` bigint(20) NOT NULL AUTO_INCREMENT,
  `code` varchar(20) DEFAULT NULL,
  `name` varchar(50) DEFAULT NULL,
  `description` varchar(50) DEFAULT NULL,
  PRIMARY KEY (`id`)
) ENGINE=InnoDB AUTO_INCREMENT=2 DEFAULT CHARSET=utf8;

-- ----------------------------
-- Records of weather_country
-- ----------------------------
INSERT INTO `weather_country` VALUES ('1', '101', '中国', null);

-- ----------------------------
-- Table structure for weather_province
-- ----------------------------
DROP TABLE IF EXISTS `weather_province`;
CREATE TABLE `weather_province` (
  `id` bigint(11) NOT NULL AUTO_INCREMENT,
  `code` varchar(20) DEFAULT NULL,
  `country_id` bigint(20) DEFAULT NULL,
  `name` varchar(50) DEFAULT NULL,
  `description` varchar(50) DEFAULT NULL,
  PRIMARY KEY (`id`)
) ENGINE=InnoDB AUTO_INCREMENT=35 DEFAULT CHARSET=utf8;

-- ----------------------------
-- Records of weather_province
-- ----------------------------
INSERT INTO `weather_province` VALUES ('1', '10130', '1', '广西', null);
INSERT INTO `weather_province` VALUES ('2', '10118', '1', '河南', null);
INSERT INTO `weather_province` VALUES ('3', '10117', '1', '宁夏', null);
INSERT INTO `weather_province` VALUES ('4', '10119', '1', '江苏', null);
INSERT INTO `weather_province` VALUES ('5', '10110', '1', '山西', null);
INSERT INTO `weather_province` VALUES ('6', '10132', '1', '香港', null);
INSERT INTO `weather_province` VALUES ('7', '10131', '1', '海南', null);
INSERT INTO `weather_province` VALUES ('8', '10112', '1', '山东', null);
INSERT INTO `weather_province` VALUES ('9', '10134', '1', '台湾', null);
INSERT INTO `weather_province` VALUES ('10', '10111', '1', '陕西', null);
INSERT INTO `weather_province` VALUES ('11', '10133', '1', '澳门', null);
INSERT INTO `weather_province` VALUES ('12', '10114', '1', '西藏', null);
INSERT INTO `weather_province` VALUES ('13', '10113', '1', '新疆', null);
INSERT INTO `weather_province` VALUES ('14', '10116', '1', '甘肃', null);
INSERT INTO `weather_province` VALUES ('15', '10115', '1', '青海', null);
INSERT INTO `weather_province` VALUES ('16', '10107', '1', '辽宁', null);
INSERT INTO `weather_province` VALUES ('17', '10129', '1', '云南', null);
INSERT INTO `weather_province` VALUES ('18', '10106', '1', '吉林', null);
INSERT INTO `weather_province` VALUES ('19', '10128', '1', '广东', null);
INSERT INTO `weather_province` VALUES ('20', '10109', '1', '河北', null);
INSERT INTO `weather_province` VALUES ('21', '10108', '1', '内蒙古', null);
INSERT INTO `weather_province` VALUES ('22', '10121', '1', '浙江', null);
INSERT INTO `weather_province` VALUES ('23', '10120', '1', '湖北', null);
INSERT INTO `weather_province` VALUES ('24', '10101', '1', '北京', null);
INSERT INTO `weather_province` VALUES ('25', '10123', '1', '福建', null);
INSERT INTO `weather_province` VALUES ('26', '10122', '1', '安徽', null);
INSERT INTO `weather_province` VALUES ('27', '10103', '1', '天津', null);
INSERT INTO `weather_province` VALUES ('28', '10125', '1', '湖南', null);
INSERT INTO `weather_province` VALUES ('29', '10102', '1', '上海', null);
INSERT INTO `weather_province` VALUES ('30', '10124', '1', '江西', null);
INSERT INTO `weather_province` VALUES ('31', '10105', '1', '黑龙江', null);
INSERT INTO `weather_province` VALUES ('32', '10127', '1', '四川', null);
INSERT INTO `weather_province` VALUES ('33', '10104', '1', '重庆', null);
INSERT INTO `weather_province` VALUES ('34', '10126', '1', '贵州', null);

-- ----------------------------
-- Table structure for weather_station
-- ----------------------------
DROP TABLE IF EXISTS `weather_station`;
CREATE TABLE `weather_station` (
  `id` bigint(20) NOT NULL AUTO_INCREMENT,
  `code` varchar(20) DEFAULT NULL,
  `city_id` bigint(20) DEFAULT NULL,
  `name` varchar(50) DEFAULT NULL,
  `description` varchar(50) DEFAULT NULL,
  PRIMARY KEY (`id`)
) ENGINE=InnoDB AUTO_INCREMENT=1563 DEFAULT CHARSET=utf8;

-- ----------------------------
-- Records of weather_station
-- ----------------------------
INSERT INTO `weather_station` VALUES ('1', '101150901', '141', '格尔木', null);
INSERT INTO `weather_station` VALUES ('2', '101150902', '141', '都兰', null);
INSERT INTO `weather_station` VALUES ('3', '101071101', '142', '铁岭', null);
INSERT INTO `weather_station` VALUES ('4', '101071102', '142', '开原', null);
INSERT INTO `weather_station` VALUES ('5', '101071103', '142', '昌图', null);
INSERT INTO `weather_station` VALUES ('6', '101071104', '142', '西丰', null);
INSERT INTO `weather_station` VALUES ('7', '101071105', '142', '调兵山', null);
INSERT INTO `weather_station` VALUES ('8', '101070101', '143', '沈阳', null);
INSERT INTO `weather_station` VALUES ('9', '101070103', '143', '辽中', null);
INSERT INTO `weather_station` VALUES ('10', '101070104', '143', '康平', null);
INSERT INTO `weather_station` VALUES ('11', '101070105', '143', '法库', null);
INSERT INTO `weather_station` VALUES ('12', '101070106', '143', '新民', null);
INSERT INTO `weather_station` VALUES ('13', '101071201', '144', '朝阳', null);
INSERT INTO `weather_station` VALUES ('14', '101071203', '144', '凌源', null);
INSERT INTO `weather_station` VALUES ('15', '101071204', '144', '喀左', null);
INSERT INTO `weather_station` VALUES ('16', '101071205', '144', '北票', null);
INSERT INTO `weather_station` VALUES ('17', '101071207', '144', '建平县', null);
INSERT INTO `weather_station` VALUES ('18', '101070201', '145', '大连', null);
INSERT INTO `weather_station` VALUES ('19', '101070202', '145', '瓦房店', null);
INSERT INTO `weather_station` VALUES ('20', '101070203', '145', '金州', null);
INSERT INTO `weather_station` VALUES ('21', '101070204', '145', '普兰店', null);
INSERT INTO `weather_station` VALUES ('22', '101070205', '145', '旅顺', null);
INSERT INTO `weather_station` VALUES ('23', '101070206', '145', '长海', null);
INSERT INTO `weather_station` VALUES ('24', '101070207', '145', '庄河', null);
INSERT INTO `weather_station` VALUES ('25', '101071301', '146', '盘锦', null);
INSERT INTO `weather_station` VALUES ('26', '101071302', '146', '大洼', null);
INSERT INTO `weather_station` VALUES ('27', '101071303', '146', '盘山', null);
INSERT INTO `weather_station` VALUES ('28', '101070301', '147', '鞍山', null);
INSERT INTO `weather_station` VALUES ('29', '101070302', '147', '台安', null);
INSERT INTO `weather_station` VALUES ('30', '101070303', '147', '岫岩', null);
INSERT INTO `weather_station` VALUES ('31', '101070304', '147', '海城', null);
INSERT INTO `weather_station` VALUES ('32', '101071401', '148', '葫芦岛', null);
INSERT INTO `weather_station` VALUES ('33', '101071402', '148', '建昌', null);
INSERT INTO `weather_station` VALUES ('34', '101071403', '148', '绥中', null);
INSERT INTO `weather_station` VALUES ('35', '101071404', '148', '兴城', null);
INSERT INTO `weather_station` VALUES ('36', '101070401', '149', '抚顺', null);
INSERT INTO `weather_station` VALUES ('37', '101070402', '149', '新宾', null);
INSERT INTO `weather_station` VALUES ('38', '101070403', '149', '清原', null);
INSERT INTO `weather_station` VALUES ('40', '101070501', '150', '本溪', null);
INSERT INTO `weather_station` VALUES ('41', '101070502', '150', '本溪县', null);
INSERT INTO `weather_station` VALUES ('42', '101070504', '150', '桓仁', null);
INSERT INTO `weather_station` VALUES ('43', '101070601', '151', '丹东', null);
INSERT INTO `weather_station` VALUES ('44', '101070602', '151', '凤城', null);
INSERT INTO `weather_station` VALUES ('45', '101070603', '151', '宽甸', null);
INSERT INTO `weather_station` VALUES ('46', '101070604', '151', '东港', null);
INSERT INTO `weather_station` VALUES ('47', '101070701', '152', '锦州', null);
INSERT INTO `weather_station` VALUES ('48', '101070702', '152', '凌海', null);
INSERT INTO `weather_station` VALUES ('49', '101070704', '152', '义县', null);
INSERT INTO `weather_station` VALUES ('50', '101070705', '152', '黑山', null);
INSERT INTO `weather_station` VALUES ('51', '101070706', '152', '北镇', null);
INSERT INTO `weather_station` VALUES ('52', '101070801', '153', '营口', null);
INSERT INTO `weather_station` VALUES ('53', '101070802', '153', '大石桥', null);
INSERT INTO `weather_station` VALUES ('54', '101070803', '153', '盖州', null);
INSERT INTO `weather_station` VALUES ('55', '101070901', '154', '阜新', null);
INSERT INTO `weather_station` VALUES ('56', '101070902', '154', '彰武', null);
INSERT INTO `weather_station` VALUES ('57', '101071001', '155', '辽阳', null);
INSERT INTO `weather_station` VALUES ('58', '101071002', '155', '辽阳县', null);
INSERT INTO `weather_station` VALUES ('59', '101071003', '155', '灯塔', null);
INSERT INTO `weather_station` VALUES ('60', '101071004', '155', '弓长岭', null);
INSERT INTO `weather_station` VALUES ('61', '101291101', '156', '临沧', null);
INSERT INTO `weather_station` VALUES ('62', '101291102', '156', '沧源', null);
INSERT INTO `weather_station` VALUES ('63', '101291103', '156', '耿马', null);
INSERT INTO `weather_station` VALUES ('64', '101291104', '156', '双江', null);
INSERT INTO `weather_station` VALUES ('65', '101291105', '156', '凤庆', null);
INSERT INTO `weather_station` VALUES ('66', '101291106', '156', '永德', null);
INSERT INTO `weather_station` VALUES ('67', '101291107', '156', '云县', null);
INSERT INTO `weather_station` VALUES ('68', '101291108', '156', '镇康', null);
INSERT INTO `weather_station` VALUES ('69', '101290111', '157', '禄劝', null);
INSERT INTO `weather_station` VALUES ('70', '101290101', '157', '昆明', null);
INSERT INTO `weather_station` VALUES ('71', '101290112', '157', '安宁', null);
INSERT INTO `weather_station` VALUES ('72', '101290113', '157', '太华山', null);
INSERT INTO `weather_station` VALUES ('73', '101290103', '157', '东川', null);
INSERT INTO `weather_station` VALUES ('74', '101290104', '157', '寻甸', null);
INSERT INTO `weather_station` VALUES ('75', '101290105', '157', '晋宁', null);
INSERT INTO `weather_station` VALUES ('76', '101290106', '157', '宜良', null);
INSERT INTO `weather_station` VALUES ('77', '101290107', '157', '石林', null);
INSERT INTO `weather_station` VALUES ('78', '101290108', '157', '呈贡', null);
INSERT INTO `weather_station` VALUES ('79', '101290109', '157', '富民', null);
INSERT INTO `weather_station` VALUES ('80', '101290110', '157', '嵩明', null);
INSERT INTO `weather_station` VALUES ('81', '101291201', '158', '怒江', null);
INSERT INTO `weather_station` VALUES ('82', '101291203', '158', '福贡', null);
INSERT INTO `weather_station` VALUES ('83', '101291204', '158', '兰坪', null);
INSERT INTO `weather_station` VALUES ('84', '101291205', '158', '泸水', null);
INSERT INTO `weather_station` VALUES ('86', '101291207', '158', '贡山', null);
INSERT INTO `weather_station` VALUES ('87', '101290211', '159', '鹤庆', null);
INSERT INTO `weather_station` VALUES ('88', '101290201', '159', '大理', null);
INSERT INTO `weather_station` VALUES ('89', '101290212', '159', '南涧', null);
INSERT INTO `weather_station` VALUES ('90', '101290202', '159', '云龙', null);
INSERT INTO `weather_station` VALUES ('91', '101290203', '159', '漾濞', null);
INSERT INTO `weather_station` VALUES ('92', '101290204', '159', '永平', null);
INSERT INTO `weather_station` VALUES ('93', '101290205', '159', '宾川', null);
INSERT INTO `weather_station` VALUES ('94', '101290206', '159', '弥渡', null);
INSERT INTO `weather_station` VALUES ('95', '101290207', '159', '祥云', null);
INSERT INTO `weather_station` VALUES ('96', '101290208', '159', '巍山', null);
INSERT INTO `weather_station` VALUES ('97', '101290209', '159', '剑川', null);
INSERT INTO `weather_station` VALUES ('98', '101290210', '159', '洱源', null);
INSERT INTO `weather_station` VALUES ('99', '101291301', '160', '香格里拉', null);
INSERT INTO `weather_station` VALUES ('100', '101291302', '160', '德钦', null);
INSERT INTO `weather_station` VALUES ('101', '101291303', '160', '维西', null);
INSERT INTO `weather_station` VALUES ('103', '101290311', '161', '泸西', null);
INSERT INTO `weather_station` VALUES ('104', '101290301', '161', '红河', null);
INSERT INTO `weather_station` VALUES ('105', '101290312', '161', '金平', null);
INSERT INTO `weather_station` VALUES ('106', '101290302', '161', '石屏', null);
INSERT INTO `weather_station` VALUES ('107', '101290313', '161', '河口', null);
INSERT INTO `weather_station` VALUES ('108', '101290303', '161', '建水', null);
INSERT INTO `weather_station` VALUES ('109', '101290304', '161', '弥勒', null);
INSERT INTO `weather_station` VALUES ('110', '101290305', '161', '元阳', null);
INSERT INTO `weather_station` VALUES ('111', '101290306', '161', '绿春', null);
INSERT INTO `weather_station` VALUES ('112', '101290307', '161', '开远', null);
INSERT INTO `weather_station` VALUES ('113', '101290308', '161', '个旧', null);
INSERT INTO `weather_station` VALUES ('114', '101290309', '161', '蒙自', null);
INSERT INTO `weather_station` VALUES ('115', '101290310', '161', '屏边', null);
INSERT INTO `weather_station` VALUES ('116', '101291401', '162', '丽江', null);
INSERT INTO `weather_station` VALUES ('117', '101291402', '162', '永胜', null);
INSERT INTO `weather_station` VALUES ('118', '101291403', '162', '华坪', null);
INSERT INTO `weather_station` VALUES ('119', '101291404', '162', '宁蒗', null);
INSERT INTO `weather_station` VALUES ('120', '101290401', '163', '曲靖', null);
INSERT INTO `weather_station` VALUES ('121', '101290402', '163', '沾益', null);
INSERT INTO `weather_station` VALUES ('122', '101290403', '163', '陆良', null);
INSERT INTO `weather_station` VALUES ('123', '101290404', '163', '富源', null);
INSERT INTO `weather_station` VALUES ('124', '101290405', '163', '马龙', null);
INSERT INTO `weather_station` VALUES ('125', '101290406', '163', '师宗', null);
INSERT INTO `weather_station` VALUES ('126', '101290407', '163', '罗平', null);
INSERT INTO `weather_station` VALUES ('127', '101290408', '163', '会泽', null);
INSERT INTO `weather_station` VALUES ('128', '101290409', '163', '宣威', null);
INSERT INTO `weather_station` VALUES ('129', '101291501', '164', '德宏', null);
INSERT INTO `weather_station` VALUES ('130', '101291503', '164', '陇川', null);
INSERT INTO `weather_station` VALUES ('131', '101291504', '164', '盈江', null);
INSERT INTO `weather_station` VALUES ('132', '101291506', '164', '瑞丽', null);
INSERT INTO `weather_station` VALUES ('133', '101291507', '164', '梁河', null);
INSERT INTO `weather_station` VALUES ('134', '101291508', '164', '潞西', null);
INSERT INTO `weather_station` VALUES ('135', '101290501', '165', '保山', null);
INSERT INTO `weather_station` VALUES ('136', '101290503', '165', '龙陵', null);
INSERT INTO `weather_station` VALUES ('137', '101290504', '165', '施甸', null);
INSERT INTO `weather_station` VALUES ('138', '101290505', '165', '昌宁', null);
INSERT INTO `weather_station` VALUES ('139', '101290506', '165', '腾冲', null);
INSERT INTO `weather_station` VALUES ('140', '101291601', '166', '景洪', null);
INSERT INTO `weather_station` VALUES ('141', '101291603', '166', '勐海', null);
INSERT INTO `weather_station` VALUES ('142', '101291605', '166', '勐腊', null);
INSERT INTO `weather_station` VALUES ('143', '101290601', '167', '文山', null);
INSERT INTO `weather_station` VALUES ('144', '101290602', '167', '西畴', null);
INSERT INTO `weather_station` VALUES ('145', '101290603', '167', '马关', null);
INSERT INTO `weather_station` VALUES ('146', '101290604', '167', '麻栗坡', null);
INSERT INTO `weather_station` VALUES ('147', '101290605', '167', '砚山', null);
INSERT INTO `weather_station` VALUES ('148', '101290606', '167', '丘北', null);
INSERT INTO `weather_station` VALUES ('149', '101290607', '167', '广南', null);
INSERT INTO `weather_station` VALUES ('150', '101290608', '167', '富宁', null);
INSERT INTO `weather_station` VALUES ('151', '101290701', '168', '玉溪', null);
INSERT INTO `weather_station` VALUES ('152', '101290702', '168', '澄江', null);
INSERT INTO `weather_station` VALUES ('153', '101290703', '168', '江川', null);
INSERT INTO `weather_station` VALUES ('154', '101290704', '168', '通海', null);
INSERT INTO `weather_station` VALUES ('155', '101290705', '168', '华宁', null);
INSERT INTO `weather_station` VALUES ('156', '101290706', '168', '新平', null);
INSERT INTO `weather_station` VALUES ('157', '101290707', '168', '易门', null);
INSERT INTO `weather_station` VALUES ('158', '101290708', '168', '峨山', null);
INSERT INTO `weather_station` VALUES ('159', '101290709', '168', '元江', null);
INSERT INTO `weather_station` VALUES ('160', '101290801', '169', '楚雄', null);
INSERT INTO `weather_station` VALUES ('161', '101290802', '169', '大姚', null);
INSERT INTO `weather_station` VALUES ('162', '101290803', '169', '元谋', null);
INSERT INTO `weather_station` VALUES ('163', '101290804', '169', '姚安', null);
INSERT INTO `weather_station` VALUES ('164', '101290805', '169', '牟定', null);
INSERT INTO `weather_station` VALUES ('165', '101290806', '169', '南华', null);
INSERT INTO `weather_station` VALUES ('166', '101290807', '169', '武定', null);
INSERT INTO `weather_station` VALUES ('167', '101290808', '169', '禄丰', null);
INSERT INTO `weather_station` VALUES ('168', '101290809', '169', '双柏', null);
INSERT INTO `weather_station` VALUES ('169', '101290810', '169', '永仁', null);
INSERT INTO `weather_station` VALUES ('170', '101290911', '170', '镇沅', null);
INSERT INTO `weather_station` VALUES ('171', '101290901', '170', '普洱', null);
INSERT INTO `weather_station` VALUES ('172', '101290912', '170', '宁洱', null);
INSERT INTO `weather_station` VALUES ('173', '101290902', '170', '景谷', null);
INSERT INTO `weather_station` VALUES ('174', '101290903', '170', '景东', null);
INSERT INTO `weather_station` VALUES ('175', '101290904', '170', '澜沧', null);
INSERT INTO `weather_station` VALUES ('176', '101290906', '170', '墨江', null);
INSERT INTO `weather_station` VALUES ('177', '101290907', '170', '江城', null);
INSERT INTO `weather_station` VALUES ('178', '101290908', '170', '孟连', null);
INSERT INTO `weather_station` VALUES ('179', '101290909', '170', '西盟', null);
INSERT INTO `weather_station` VALUES ('180', '101291011', '171', '水富', null);
INSERT INTO `weather_station` VALUES ('181', '101291001', '171', '昭通', null);
INSERT INTO `weather_station` VALUES ('182', '101291002', '171', '鲁甸', null);
INSERT INTO `weather_station` VALUES ('183', '101291003', '171', '彝良', null);
INSERT INTO `weather_station` VALUES ('184', '101291004', '171', '镇雄', null);
INSERT INTO `weather_station` VALUES ('185', '101291005', '171', '威信', null);
INSERT INTO `weather_station` VALUES ('186', '101291006', '171', '巧家', null);
INSERT INTO `weather_station` VALUES ('187', '101291007', '171', '绥江', null);
INSERT INTO `weather_station` VALUES ('188', '101291008', '171', '永善', null);
INSERT INTO `weather_station` VALUES ('189', '101291009', '171', '盐津', null);
INSERT INTO `weather_station` VALUES ('190', '101291010', '171', '大关', null);
INSERT INTO `weather_station` VALUES ('191', '101060101', '172', '长春', null);
INSERT INTO `weather_station` VALUES ('192', '101060102', '172', '农安', null);
INSERT INTO `weather_station` VALUES ('193', '101060103', '172', '德惠', null);
INSERT INTO `weather_station` VALUES ('194', '101060104', '172', '九台', null);
INSERT INTO `weather_station` VALUES ('195', '101060105', '172', '榆树', null);
INSERT INTO `weather_station` VALUES ('196', '101060106', '172', '双阳', null);
INSERT INTO `weather_station` VALUES ('197', '101060201', '173', '吉林', null);
INSERT INTO `weather_station` VALUES ('198', '101060202', '173', '舒兰', null);
INSERT INTO `weather_station` VALUES ('199', '101060203', '173', '永吉', null);
INSERT INTO `weather_station` VALUES ('200', '101060204', '173', '蛟河', null);
INSERT INTO `weather_station` VALUES ('201', '101060205', '173', '磐石', null);
INSERT INTO `weather_station` VALUES ('202', '101060206', '173', '桦甸', null);
INSERT INTO `weather_station` VALUES ('203', '101060301', '174', '延吉', null);
INSERT INTO `weather_station` VALUES ('204', '101060302', '174', '敦化', null);
INSERT INTO `weather_station` VALUES ('205', '101060303', '174', '安图', null);
INSERT INTO `weather_station` VALUES ('206', '101060304', '174', '汪清', null);
INSERT INTO `weather_station` VALUES ('207', '101060305', '174', '和龙', null);
INSERT INTO `weather_station` VALUES ('208', '101060307', '174', '龙井', null);
INSERT INTO `weather_station` VALUES ('209', '101060308', '174', '珲春', null);
INSERT INTO `weather_station` VALUES ('210', '101060309', '174', '图们', null);
INSERT INTO `weather_station` VALUES ('211', '101060401', '175', '四平', null);
INSERT INTO `weather_station` VALUES ('212', '101060402', '175', '双辽', null);
INSERT INTO `weather_station` VALUES ('213', '101060403', '175', '梨树', null);
INSERT INTO `weather_station` VALUES ('214', '101060404', '175', '公主岭', null);
INSERT INTO `weather_station` VALUES ('215', '101060405', '175', '伊通', null);
INSERT INTO `weather_station` VALUES ('216', '101060501', '176', '通化', null);
INSERT INTO `weather_station` VALUES ('217', '101060502', '176', '梅河口', null);
INSERT INTO `weather_station` VALUES ('218', '101060503', '176', '柳河', null);
INSERT INTO `weather_station` VALUES ('219', '101060504', '176', '辉南', null);
INSERT INTO `weather_station` VALUES ('220', '101060505', '176', '集安', null);
INSERT INTO `weather_station` VALUES ('221', '101060506', '176', '通化县', null);
INSERT INTO `weather_station` VALUES ('222', '101060601', '177', '白城', null);
INSERT INTO `weather_station` VALUES ('223', '101060602', '177', '洮南', null);
INSERT INTO `weather_station` VALUES ('224', '101060603', '177', '大安', null);
INSERT INTO `weather_station` VALUES ('225', '101060604', '177', '镇赉', null);
INSERT INTO `weather_station` VALUES ('226', '101060605', '177', '通榆', null);
INSERT INTO `weather_station` VALUES ('227', '101060701', '178', '辽源', null);
INSERT INTO `weather_station` VALUES ('228', '101060702', '178', '东丰', null);
INSERT INTO `weather_station` VALUES ('229', '101060703', '178', '东辽', null);
INSERT INTO `weather_station` VALUES ('230', '101060801', '179', '松原', null);
INSERT INTO `weather_station` VALUES ('231', '101060802', '179', '乾安', null);
INSERT INTO `weather_station` VALUES ('232', '101060803', '179', '前郭', null);
INSERT INTO `weather_station` VALUES ('233', '101060804', '179', '长岭', null);
INSERT INTO `weather_station` VALUES ('234', '101060805', '179', '扶余', null);
INSERT INTO `weather_station` VALUES ('235', '101060901', '180', '白山', null);
INSERT INTO `weather_station` VALUES ('236', '101060902', '180', '靖宇', null);
INSERT INTO `weather_station` VALUES ('237', '101060903', '180', '临江', null);
INSERT INTO `weather_station` VALUES ('238', '101060904', '180', '东岗', null);
INSERT INTO `weather_station` VALUES ('239', '101060905', '180', '长白', null);
INSERT INTO `weather_station` VALUES ('240', '101060906', '180', '抚松', null);
INSERT INTO `weather_station` VALUES ('241', '101060907', '180', '江源', null);
INSERT INTO `weather_station` VALUES ('242', '101281101', '181', '江门', null);
INSERT INTO `weather_station` VALUES ('243', '101281103', '181', '开平', null);
INSERT INTO `weather_station` VALUES ('244', '101281104', '181', '新会', null);
INSERT INTO `weather_station` VALUES ('245', '101281105', '181', '恩平', null);
INSERT INTO `weather_station` VALUES ('246', '101281106', '181', '台山', null);
INSERT INTO `weather_station` VALUES ('247', '101281107', '181', '蓬江', null);
INSERT INTO `weather_station` VALUES ('248', '101281108', '181', '鹤山', null);
INSERT INTO `weather_station` VALUES ('249', '101281109', '181', '江海', null);
INSERT INTO `weather_station` VALUES ('250', '101280101', '182', '广州', null);
INSERT INTO `weather_station` VALUES ('251', '101280102', '182', '番禺', null);
INSERT INTO `weather_station` VALUES ('252', '101280103', '182', '从化', null);
INSERT INTO `weather_station` VALUES ('253', '101280104', '182', '增城', null);
INSERT INTO `weather_station` VALUES ('254', '101280105', '182', '花都', null);
INSERT INTO `weather_station` VALUES ('255', '101281201', '183', '河源', null);
INSERT INTO `weather_station` VALUES ('256', '101281202', '183', '紫金', null);
INSERT INTO `weather_station` VALUES ('257', '101281203', '183', '连平', null);
INSERT INTO `weather_station` VALUES ('258', '101281204', '183', '和平', null);
INSERT INTO `weather_station` VALUES ('259', '101281205', '183', '龙川', null);
INSERT INTO `weather_station` VALUES ('260', '101281206', '183', '东源', null);
INSERT INTO `weather_station` VALUES ('261', '101280211', '184', '武江', null);
INSERT INTO `weather_station` VALUES ('262', '101280201', '184', '韶关', null);
INSERT INTO `weather_station` VALUES ('263', '101280202', '184', '乳源', null);
INSERT INTO `weather_station` VALUES ('264', '101280203', '184', '始兴', null);
INSERT INTO `weather_station` VALUES ('265', '101280204', '184', '翁源', null);
INSERT INTO `weather_station` VALUES ('266', '101280205', '184', '乐昌', null);
INSERT INTO `weather_station` VALUES ('267', '101280206', '184', '仁化', null);
INSERT INTO `weather_station` VALUES ('268', '101280207', '184', '南雄', null);
INSERT INTO `weather_station` VALUES ('269', '101280208', '184', '新丰', null);
INSERT INTO `weather_station` VALUES ('270', '101280209', '184', '曲江', null);
INSERT INTO `weather_station` VALUES ('271', '101280210', '184', '浈江', null);
INSERT INTO `weather_station` VALUES ('272', '101281301', '185', '清远', null);
INSERT INTO `weather_station` VALUES ('273', '101281302', '185', '连南', null);
INSERT INTO `weather_station` VALUES ('274', '101281303', '185', '连州', null);
INSERT INTO `weather_station` VALUES ('275', '101281304', '185', '连山', null);
INSERT INTO `weather_station` VALUES ('276', '101281305', '185', '阳山', null);
INSERT INTO `weather_station` VALUES ('277', '101281306', '185', '佛冈', null);
INSERT INTO `weather_station` VALUES ('278', '101281307', '185', '英德', null);
INSERT INTO `weather_station` VALUES ('279', '101281308', '185', '清新', null);
INSERT INTO `weather_station` VALUES ('280', '101280301', '186', '惠州', null);
INSERT INTO `weather_station` VALUES ('281', '101280302', '186', '博罗', null);
INSERT INTO `weather_station` VALUES ('282', '101280303', '186', '惠阳', null);
INSERT INTO `weather_station` VALUES ('283', '101280304', '186', '惠东', null);
INSERT INTO `weather_station` VALUES ('284', '101280305', '186', '龙门', null);
INSERT INTO `weather_station` VALUES ('285', '101281401', '187', '云浮', null);
INSERT INTO `weather_station` VALUES ('286', '101281402', '187', '罗定', null);
INSERT INTO `weather_station` VALUES ('287', '101281403', '187', '新兴', null);
INSERT INTO `weather_station` VALUES ('288', '101281404', '187', '郁南', null);
INSERT INTO `weather_station` VALUES ('289', '101281406', '187', '云安', null);
INSERT INTO `weather_station` VALUES ('290', '101280401', '188', '梅州', null);
INSERT INTO `weather_station` VALUES ('291', '101280402', '188', '兴宁', null);
INSERT INTO `weather_station` VALUES ('292', '101280403', '188', '蕉岭', null);
INSERT INTO `weather_station` VALUES ('293', '101280404', '188', '大埔', null);
INSERT INTO `weather_station` VALUES ('294', '101280406', '188', '丰顺', null);
INSERT INTO `weather_station` VALUES ('295', '101280407', '188', '平远', null);
INSERT INTO `weather_station` VALUES ('296', '101280408', '188', '五华', null);
INSERT INTO `weather_station` VALUES ('297', '101280409', '188', '梅县', null);
INSERT INTO `weather_station` VALUES ('298', '101281501', '189', '潮州', null);
INSERT INTO `weather_station` VALUES ('299', '101281502', '189', '饶平', null);
INSERT INTO `weather_station` VALUES ('300', '101281503', '189', '潮安', null);
INSERT INTO `weather_station` VALUES ('301', '101280501', '190', '汕头', null);
INSERT INTO `weather_station` VALUES ('302', '101280502', '190', '潮阳', null);
INSERT INTO `weather_station` VALUES ('303', '101280503', '190', '澄海', null);
INSERT INTO `weather_station` VALUES ('304', '101280504', '190', '南澳', null);
INSERT INTO `weather_station` VALUES ('305', '101281601', '191', '东莞', null);
INSERT INTO `weather_station` VALUES ('306', '101280601', '192', '深圳', null);
INSERT INTO `weather_station` VALUES ('307', '101281701', '193', '中山', null);
INSERT INTO `weather_station` VALUES ('308', '101280701', '194', '珠海', null);
INSERT INTO `weather_station` VALUES ('309', '101280702', '194', '斗门', null);
INSERT INTO `weather_station` VALUES ('310', '101280703', '194', '金湾', null);
INSERT INTO `weather_station` VALUES ('311', '101281801', '195', '阳江', null);
INSERT INTO `weather_station` VALUES ('312', '101281802', '195', '阳春', null);
INSERT INTO `weather_station` VALUES ('313', '101281803', '195', '阳东', null);
INSERT INTO `weather_station` VALUES ('314', '101281804', '195', '阳西', null);
INSERT INTO `weather_station` VALUES ('315', '101280800', '196', '佛山', null);
INSERT INTO `weather_station` VALUES ('316', '101280801', '196', '顺德', null);
INSERT INTO `weather_station` VALUES ('317', '101280802', '196', '三水', null);
INSERT INTO `weather_station` VALUES ('318', '101280803', '196', '南海', null);
INSERT INTO `weather_station` VALUES ('319', '101280804', '196', '高明', null);
INSERT INTO `weather_station` VALUES ('320', '101281901', '197', '揭阳', null);
INSERT INTO `weather_station` VALUES ('321', '101281902', '197', '揭西', null);
INSERT INTO `weather_station` VALUES ('322', '101281903', '197', '普宁', null);
INSERT INTO `weather_station` VALUES ('323', '101281904', '197', '惠来', null);
INSERT INTO `weather_station` VALUES ('324', '101281905', '197', '揭东', null);
INSERT INTO `weather_station` VALUES ('325', '101280901', '198', '肇庆', null);
INSERT INTO `weather_station` VALUES ('326', '101280902', '198', '广宁', null);
INSERT INTO `weather_station` VALUES ('327', '101280903', '198', '四会', null);
INSERT INTO `weather_station` VALUES ('328', '101280905', '198', '德庆', null);
INSERT INTO `weather_station` VALUES ('329', '101280906', '198', '怀集', null);
INSERT INTO `weather_station` VALUES ('330', '101280907', '198', '封开', null);
INSERT INTO `weather_station` VALUES ('331', '101280908', '198', '高要', null);
INSERT INTO `weather_station` VALUES ('332', '101282001', '199', '茂名', null);
INSERT INTO `weather_station` VALUES ('333', '101282002', '199', '高州', null);
INSERT INTO `weather_station` VALUES ('334', '101282003', '199', '化州', null);
INSERT INTO `weather_station` VALUES ('335', '101282004', '199', '电白', null);
INSERT INTO `weather_station` VALUES ('336', '101282005', '199', '信宜', null);
INSERT INTO `weather_station` VALUES ('337', '101282006', '199', '茂港', null);
INSERT INTO `weather_station` VALUES ('338', '101281001', '200', '湛江', null);
INSERT INTO `weather_station` VALUES ('339', '101281002', '200', '吴川', null);
INSERT INTO `weather_station` VALUES ('340', '101281003', '200', '雷州', null);
INSERT INTO `weather_station` VALUES ('341', '101281004', '200', '徐闻', null);
INSERT INTO `weather_station` VALUES ('342', '101281005', '200', '廉江', null);
INSERT INTO `weather_station` VALUES ('343', '101281006', '200', '赤坎', null);
INSERT INTO `weather_station` VALUES ('344', '101281007', '200', '遂溪', null);
INSERT INTO `weather_station` VALUES ('345', '101281008', '200', '坡头', null);
INSERT INTO `weather_station` VALUES ('346', '101281009', '200', '霞山', null);
INSERT INTO `weather_station` VALUES ('347', '101281010', '200', '麻章', null);
INSERT INTO `weather_station` VALUES ('348', '101282101', '201', '汕尾', null);
INSERT INTO `weather_station` VALUES ('349', '101282102', '201', '海丰', null);
INSERT INTO `weather_station` VALUES ('350', '101282103', '201', '陆丰', null);
INSERT INTO `weather_station` VALUES ('351', '101282104', '201', '陆河', null);
INSERT INTO `weather_station` VALUES ('352', '101091101', '202', '秦皇岛', null);
INSERT INTO `weather_station` VALUES ('353', '101091102', '202', '青龙', null);
INSERT INTO `weather_station` VALUES ('354', '101091103', '202', '昌黎', null);
INSERT INTO `weather_station` VALUES ('355', '101091104', '202', '抚宁', null);
INSERT INTO `weather_station` VALUES ('356', '101091105', '202', '卢龙', null);
INSERT INTO `weather_station` VALUES ('357', '101091106', '202', '北戴河', null);
INSERT INTO `weather_station` VALUES ('358', '101090111', '203', '平山', null);
INSERT INTO `weather_station` VALUES ('359', '101090101', '203', '石家庄', null);
INSERT INTO `weather_station` VALUES ('360', '101090112', '203', '元氏', null);
INSERT INTO `weather_station` VALUES ('361', '101090102', '203', '井陉', null);
INSERT INTO `weather_station` VALUES ('362', '101090113', '203', '赵县', null);
INSERT INTO `weather_station` VALUES ('363', '101090103', '203', '正定', null);
INSERT INTO `weather_station` VALUES ('364', '101090114', '203', '辛集', null);
INSERT INTO `weather_station` VALUES ('365', '101090104', '203', '栾城', null);
INSERT INTO `weather_station` VALUES ('366', '101090115', '203', '藁城', null);
INSERT INTO `weather_station` VALUES ('367', '101090105', '203', '行唐', null);
INSERT INTO `weather_station` VALUES ('368', '101090116', '203', '晋州', null);
INSERT INTO `weather_station` VALUES ('369', '101090106', '203', '灵寿', null);
INSERT INTO `weather_station` VALUES ('370', '101090117', '203', '新乐', null);
INSERT INTO `weather_station` VALUES ('371', '101090107', '203', '高邑', null);
INSERT INTO `weather_station` VALUES ('372', '101090118', '203', '鹿泉', null);
INSERT INTO `weather_station` VALUES ('373', '101090108', '203', '深泽', null);
INSERT INTO `weather_station` VALUES ('374', '101090109', '203', '赞皇', null);
INSERT INTO `weather_station` VALUES ('375', '101090110', '203', '无极', null);
INSERT INTO `weather_station` VALUES ('376', '101090211', '204', '安新', null);
INSERT INTO `weather_station` VALUES ('377', '101090222', '204', '涞水', null);
INSERT INTO `weather_station` VALUES ('378', '101090201', '204', '保定', null);
INSERT INTO `weather_station` VALUES ('379', '101090212', '204', '易县', null);
INSERT INTO `weather_station` VALUES ('380', '101090223', '204', '定兴', null);
INSERT INTO `weather_station` VALUES ('381', '101090202', '204', '满城', null);
INSERT INTO `weather_station` VALUES ('382', '101090224', '204', '清苑', null);
INSERT INTO `weather_station` VALUES ('383', '101090203', '204', '阜平', null);
INSERT INTO `weather_station` VALUES ('384', '101090214', '204', '曲阳', null);
INSERT INTO `weather_station` VALUES ('385', '101090225', '204', '博野', null);
INSERT INTO `weather_station` VALUES ('386', '101090204', '204', '徐水', null);
INSERT INTO `weather_station` VALUES ('387', '101090215', '204', '蠡县', null);
INSERT INTO `weather_station` VALUES ('388', '101090205', '204', '唐县', null);
INSERT INTO `weather_station` VALUES ('389', '101090216', '204', '顺平', null);
INSERT INTO `weather_station` VALUES ('390', '101090206', '204', '高阳', null);
INSERT INTO `weather_station` VALUES ('391', '101090217', '204', '雄县', null);
INSERT INTO `weather_station` VALUES ('392', '101090207', '204', '容城', null);
INSERT INTO `weather_station` VALUES ('393', '101090218', '204', '涿州', null);
INSERT INTO `weather_station` VALUES ('394', '101090219', '204', '定州', null);
INSERT INTO `weather_station` VALUES ('395', '101090209', '204', '涞源', null);
INSERT INTO `weather_station` VALUES ('396', '101090220', '204', '安国', null);
INSERT INTO `weather_station` VALUES ('397', '101090210', '204', '望都', null);
INSERT INTO `weather_station` VALUES ('398', '101090221', '204', '高碑店', null);
INSERT INTO `weather_station` VALUES ('399', '101090311', '205', '怀来', null);
INSERT INTO `weather_station` VALUES ('400', '101090301', '205', '张家口', null);
INSERT INTO `weather_station` VALUES ('401', '101090312', '205', '涿鹿', null);
INSERT INTO `weather_station` VALUES ('402', '101090302', '205', '宣化', null);
INSERT INTO `weather_station` VALUES ('403', '101090313', '205', '赤城', null);
INSERT INTO `weather_station` VALUES ('404', '101090303', '205', '张北', null);
INSERT INTO `weather_station` VALUES ('405', '101090314', '205', '崇礼', null);
INSERT INTO `weather_station` VALUES ('406', '101090304', '205', '康保', null);
INSERT INTO `weather_station` VALUES ('407', '101090305', '205', '沽源', null);
INSERT INTO `weather_station` VALUES ('408', '101090306', '205', '尚义', null);
INSERT INTO `weather_station` VALUES ('409', '101090307', '205', '蔚县', null);
INSERT INTO `weather_station` VALUES ('410', '101090308', '205', '阳原', null);
INSERT INTO `weather_station` VALUES ('411', '101090309', '205', '怀安', null);
INSERT INTO `weather_station` VALUES ('412', '101090310', '205', '万全', null);
INSERT INTO `weather_station` VALUES ('413', '101090402', '206', '承德', null);
INSERT INTO `weather_station` VALUES ('414', '101090403', '206', '承德县', null);
INSERT INTO `weather_station` VALUES ('415', '101090404', '206', '兴隆', null);
INSERT INTO `weather_station` VALUES ('416', '101090405', '206', '平泉', null);
INSERT INTO `weather_station` VALUES ('417', '101090406', '206', '滦平', null);
INSERT INTO `weather_station` VALUES ('418', '101090407', '206', '隆化', null);
INSERT INTO `weather_station` VALUES ('419', '101090408', '206', '丰宁', null);
INSERT INTO `weather_station` VALUES ('420', '101090409', '206', '宽城', null);
INSERT INTO `weather_station` VALUES ('421', '101090410', '206', '围场', null);
INSERT INTO `weather_station` VALUES ('422', '101090511', '207', '迁安', null);
INSERT INTO `weather_station` VALUES ('423', '101090501', '207', '唐山', null);
INSERT INTO `weather_station` VALUES ('424', '101090512', '207', '曹妃甸', null);
INSERT INTO `weather_station` VALUES ('425', '101090502', '207', '丰南', null);
INSERT INTO `weather_station` VALUES ('426', '101090503', '207', '丰润', null);
INSERT INTO `weather_station` VALUES ('427', '101090504', '207', '滦县', null);
INSERT INTO `weather_station` VALUES ('428', '101090505', '207', '滦南', null);
INSERT INTO `weather_station` VALUES ('429', '101090506', '207', '乐亭', null);
INSERT INTO `weather_station` VALUES ('430', '101090507', '207', '迁西', null);
INSERT INTO `weather_station` VALUES ('431', '101090508', '207', '玉田', null);
INSERT INTO `weather_station` VALUES ('432', '101090509', '207', '唐海', null);
INSERT INTO `weather_station` VALUES ('433', '101090510', '207', '遵化', null);
INSERT INTO `weather_station` VALUES ('434', '101090601', '208', '廊坊', null);
INSERT INTO `weather_station` VALUES ('435', '101090602', '208', '固安', null);
INSERT INTO `weather_station` VALUES ('436', '101090603', '208', '永清', null);
INSERT INTO `weather_station` VALUES ('437', '101090604', '208', '香河', null);
INSERT INTO `weather_station` VALUES ('438', '101090605', '208', '大城', null);
INSERT INTO `weather_station` VALUES ('439', '101090606', '208', '文安', null);
INSERT INTO `weather_station` VALUES ('440', '101090607', '208', '大厂', null);
INSERT INTO `weather_station` VALUES ('441', '101090608', '208', '霸州', null);
INSERT INTO `weather_station` VALUES ('442', '101090609', '208', '三河', null);
INSERT INTO `weather_station` VALUES ('443', '101090711', '209', '泊头', null);
INSERT INTO `weather_station` VALUES ('444', '101090701', '209', '沧州', null);
INSERT INTO `weather_station` VALUES ('445', '101090712', '209', '任丘', null);
INSERT INTO `weather_station` VALUES ('446', '101090702', '209', '青县', null);
INSERT INTO `weather_station` VALUES ('447', '101090713', '209', '黄骅', null);
INSERT INTO `weather_station` VALUES ('448', '101090703', '209', '东光', null);
INSERT INTO `weather_station` VALUES ('449', '101090714', '209', '河间', null);
INSERT INTO `weather_station` VALUES ('450', '101090704', '209', '海兴', null);
INSERT INTO `weather_station` VALUES ('451', '101090705', '209', '盐山', null);
INSERT INTO `weather_station` VALUES ('452', '101090716', '209', '沧县', null);
INSERT INTO `weather_station` VALUES ('453', '101090706', '209', '肃宁', null);
INSERT INTO `weather_station` VALUES ('454', '101090707', '209', '南皮', null);
INSERT INTO `weather_station` VALUES ('455', '101090708', '209', '吴桥', null);
INSERT INTO `weather_station` VALUES ('456', '101090709', '209', '献县', null);
INSERT INTO `weather_station` VALUES ('457', '101090710', '209', '孟村', null);
INSERT INTO `weather_station` VALUES ('458', '101090811', '210', '深州', null);
INSERT INTO `weather_station` VALUES ('459', '101090801', '210', '衡水', null);
INSERT INTO `weather_station` VALUES ('460', '101090802', '210', '枣强', null);
INSERT INTO `weather_station` VALUES ('461', '101090803', '210', '武邑', null);
INSERT INTO `weather_station` VALUES ('462', '101090804', '210', '武强', null);
INSERT INTO `weather_station` VALUES ('463', '101090805', '210', '饶阳', null);
INSERT INTO `weather_station` VALUES ('464', '101090806', '210', '安平', null);
INSERT INTO `weather_station` VALUES ('465', '101090807', '210', '故城', null);
INSERT INTO `weather_station` VALUES ('466', '101090808', '210', '景县', null);
INSERT INTO `weather_station` VALUES ('467', '101090809', '210', '阜城', null);
INSERT INTO `weather_station` VALUES ('468', '101090810', '210', '冀州', null);
INSERT INTO `weather_station` VALUES ('469', '101090911', '211', '广宗', null);
INSERT INTO `weather_station` VALUES ('470', '101090901', '211', '邢台', null);
INSERT INTO `weather_station` VALUES ('471', '101090912', '211', '平乡', null);
INSERT INTO `weather_station` VALUES ('472', '101090902', '211', '临城', null);
INSERT INTO `weather_station` VALUES ('473', '101090913', '211', '威县', null);
INSERT INTO `weather_station` VALUES ('474', '101090914', '211', '清河', null);
INSERT INTO `weather_station` VALUES ('475', '101090904', '211', '内丘', null);
INSERT INTO `weather_station` VALUES ('476', '101090915', '211', '临西', null);
INSERT INTO `weather_station` VALUES ('477', '101090905', '211', '柏乡', null);
INSERT INTO `weather_station` VALUES ('478', '101090916', '211', '南宫', null);
INSERT INTO `weather_station` VALUES ('479', '101090906', '211', '隆尧', null);
INSERT INTO `weather_station` VALUES ('480', '101090917', '211', '沙河', null);
INSERT INTO `weather_station` VALUES ('481', '101090907', '211', '南和', null);
INSERT INTO `weather_station` VALUES ('482', '101090918', '211', '任县', null);
INSERT INTO `weather_station` VALUES ('483', '101090908', '211', '宁晋', null);
INSERT INTO `weather_station` VALUES ('484', '101090909', '211', '巨鹿', null);
INSERT INTO `weather_station` VALUES ('485', '101090910', '211', '新河', null);
INSERT INTO `weather_station` VALUES ('486', '101091011', '212', '鸡泽', null);
INSERT INTO `weather_station` VALUES ('487', '101091001', '212', '邯郸', null);
INSERT INTO `weather_station` VALUES ('488', '101091012', '212', '广平', null);
INSERT INTO `weather_station` VALUES ('489', '101091002', '212', '峰峰', null);
INSERT INTO `weather_station` VALUES ('490', '101091013', '212', '馆陶', null);
INSERT INTO `weather_station` VALUES ('491', '101091003', '212', '临漳', null);
INSERT INTO `weather_station` VALUES ('492', '101091014', '212', '魏县', null);
INSERT INTO `weather_station` VALUES ('493', '101091004', '212', '成安', null);
INSERT INTO `weather_station` VALUES ('494', '101091015', '212', '曲周', null);
INSERT INTO `weather_station` VALUES ('495', '101091005', '212', '大名', null);
INSERT INTO `weather_station` VALUES ('496', '101091016', '212', '武安', null);
INSERT INTO `weather_station` VALUES ('497', '101091006', '212', '涉县', null);
INSERT INTO `weather_station` VALUES ('498', '101091007', '212', '磁县', null);
INSERT INTO `weather_station` VALUES ('499', '101091008', '212', '肥乡', null);
INSERT INTO `weather_station` VALUES ('500', '101091009', '212', '永年', null);
INSERT INTO `weather_station` VALUES ('501', '101091010', '212', '邱县', null);
INSERT INTO `weather_station` VALUES ('502', '101081101', '213', '乌兰浩特', null);
INSERT INTO `weather_station` VALUES ('503', '101081102', '213', '阿尔山', null);
INSERT INTO `weather_station` VALUES ('504', '101081103', '213', '科右中旗', null);
INSERT INTO `weather_station` VALUES ('505', '101081104', '213', '胡尔勒', null);
INSERT INTO `weather_station` VALUES ('506', '101081105', '213', '扎赉特', null);
INSERT INTO `weather_station` VALUES ('507', '101081106', '213', '索伦', null);
INSERT INTO `weather_station` VALUES ('508', '101081107', '213', '突泉', null);
INSERT INTO `weather_station` VALUES ('509', '101081109', '213', '科右前旗', null);
INSERT INTO `weather_station` VALUES ('510', '101080101', '214', '呼和浩特', null);
INSERT INTO `weather_station` VALUES ('511', '101080102', '214', '土左旗', null);
INSERT INTO `weather_station` VALUES ('512', '101080103', '214', '托县', null);
INSERT INTO `weather_station` VALUES ('513', '101080104', '214', '和林', null);
INSERT INTO `weather_station` VALUES ('514', '101080105', '214', '清水河', null);
INSERT INTO `weather_station` VALUES ('515', '101080106', '214', '呼市郊区', null);
INSERT INTO `weather_station` VALUES ('516', '101080107', '214', '武川', null);
INSERT INTO `weather_station` VALUES ('517', '101081211', '215', '乌斯泰', null);
INSERT INTO `weather_station` VALUES ('518', '101081201', '215', '阿左旗', null);
INSERT INTO `weather_station` VALUES ('519', '101081212', '215', '孪井滩', null);
INSERT INTO `weather_station` VALUES ('520', '101081202', '215', '阿右旗', null);
INSERT INTO `weather_station` VALUES ('521', '101081203', '215', '额济纳', null);
INSERT INTO `weather_station` VALUES ('522', '101081204', '215', '拐子湖', null);
INSERT INTO `weather_station` VALUES ('523', '101081205', '215', '吉兰太', null);
INSERT INTO `weather_station` VALUES ('524', '101081206', '215', '锡林高勒', null);
INSERT INTO `weather_station` VALUES ('525', '101081207', '215', '头道湖', null);
INSERT INTO `weather_station` VALUES ('527', '101081209', '215', '诺尔公', null);
INSERT INTO `weather_station` VALUES ('528', '101081210', '215', '雅布赖', null);
INSERT INTO `weather_station` VALUES ('529', '101080201', '216', '包头', null);
INSERT INTO `weather_station` VALUES ('530', '101080202', '216', '白云鄂博', null);
INSERT INTO `weather_station` VALUES ('531', '101080203', '216', '满都拉', null);
INSERT INTO `weather_station` VALUES ('532', '101080204', '216', '土右旗', null);
INSERT INTO `weather_station` VALUES ('533', '101080205', '216', '固阳', null);
INSERT INTO `weather_station` VALUES ('534', '101080206', '216', '达茂旗', null);
INSERT INTO `weather_station` VALUES ('535', '101080207', '216', '希拉穆仁', null);
INSERT INTO `weather_station` VALUES ('536', '101080301', '217', '乌海', null);
INSERT INTO `weather_station` VALUES ('537', '101080411', '218', '四子王旗', null);
INSERT INTO `weather_station` VALUES ('538', '101080401', '218', '集宁', null);
INSERT INTO `weather_station` VALUES ('539', '101080412', '218', '丰镇', null);
INSERT INTO `weather_station` VALUES ('540', '101080402', '218', '卓资', null);
INSERT INTO `weather_station` VALUES ('541', '101080403', '218', '化德', null);
INSERT INTO `weather_station` VALUES ('542', '101080404', '218', '商都', null);
INSERT INTO `weather_station` VALUES ('543', '101080406', '218', '兴和', null);
INSERT INTO `weather_station` VALUES ('544', '101080407', '218', '凉城', null);
INSERT INTO `weather_station` VALUES ('545', '101080408', '218', '察右前旗', null);
INSERT INTO `weather_station` VALUES ('546', '101080409', '218', '察右中旗', null);
INSERT INTO `weather_station` VALUES ('547', '101080410', '218', '察右后旗', null);
INSERT INTO `weather_station` VALUES ('548', '101080511', '219', '巴雅尔吐胡硕', null);
INSERT INTO `weather_station` VALUES ('549', '101080501', '219', '通辽', null);
INSERT INTO `weather_station` VALUES ('550', '101080502', '219', '舍伯吐', null);
INSERT INTO `weather_station` VALUES ('551', '101080503', '219', '科左中旗', null);
INSERT INTO `weather_station` VALUES ('552', '101080504', '219', '科左后旗', null);
INSERT INTO `weather_station` VALUES ('553', '101080505', '219', '青龙山', null);
INSERT INTO `weather_station` VALUES ('554', '101080512', '219', '霍林郭勒', null);
INSERT INTO `weather_station` VALUES ('555', '101080506', '219', '开鲁', null);
INSERT INTO `weather_station` VALUES ('556', '101080507', '219', '库伦', null);
INSERT INTO `weather_station` VALUES ('557', '101080508', '219', '奈曼', null);
INSERT INTO `weather_station` VALUES ('558', '101080509', '219', '扎鲁特', null);
INSERT INTO `weather_station` VALUES ('559', '101080510', '219', '高力板', null);
INSERT INTO `weather_station` VALUES ('560', '101080611', '220', '喀喇沁', null);
INSERT INTO `weather_station` VALUES ('561', '101080601', '220', '赤峰', null);
INSERT INTO `weather_station` VALUES ('562', '101080612', '220', '八里罕', null);
INSERT INTO `weather_station` VALUES ('563', '101080613', '220', '宁城', null);
INSERT INTO `weather_station` VALUES ('564', '101080603', '220', '阿鲁旗', null);
INSERT INTO `weather_station` VALUES ('565', '101080614', '220', '敖汉', null);
INSERT INTO `weather_station` VALUES ('567', '101080615', '220', '宝国吐', null);
INSERT INTO `weather_station` VALUES ('568', '101080605', '220', '巴林左旗', null);
INSERT INTO `weather_station` VALUES ('569', '101080606', '220', '巴林右旗', null);
INSERT INTO `weather_station` VALUES ('570', '101080607', '220', '林西', null);
INSERT INTO `weather_station` VALUES ('571', '101080608', '220', '克什克腾', null);
INSERT INTO `weather_station` VALUES ('572', '101080609', '220', '翁牛特', null);
INSERT INTO `weather_station` VALUES ('573', '101080610', '220', '岗子', null);
INSERT INTO `weather_station` VALUES ('574', '101080711', '221', '伊金霍洛', null);
INSERT INTO `weather_station` VALUES ('575', '101080701', '221', '鄂尔多斯', null);
INSERT INTO `weather_station` VALUES ('576', '101080712', '221', '乌审召', null);
INSERT INTO `weather_station` VALUES ('577', '101080713', '221', '东胜', null);
INSERT INTO `weather_station` VALUES ('578', '101080703', '221', '达拉特', null);
INSERT INTO `weather_station` VALUES ('579', '101080704', '221', '准格尔', null);
INSERT INTO `weather_station` VALUES ('580', '101080705', '221', '鄂前旗', null);
INSERT INTO `weather_station` VALUES ('581', '101080706', '221', '河南', null);
INSERT INTO `weather_station` VALUES ('582', '101080707', '221', '伊克乌素', null);
INSERT INTO `weather_station` VALUES ('583', '101080708', '221', '鄂托克', null);
INSERT INTO `weather_station` VALUES ('584', '101080709', '221', '杭锦旗', null);
INSERT INTO `weather_station` VALUES ('585', '101080710', '221', '乌审旗', null);
INSERT INTO `weather_station` VALUES ('586', '101080801', '222', '临河', null);
INSERT INTO `weather_station` VALUES ('587', '101080802', '222', '五原', null);
INSERT INTO `weather_station` VALUES ('588', '101080803', '222', '磴口', null);
INSERT INTO `weather_station` VALUES ('589', '101080804', '222', '乌前旗', null);
INSERT INTO `weather_station` VALUES ('590', '101080805', '222', '大佘太', null);
INSERT INTO `weather_station` VALUES ('591', '101080806', '222', '乌中旗', null);
INSERT INTO `weather_station` VALUES ('592', '101080807', '222', '乌后旗', null);
INSERT INTO `weather_station` VALUES ('593', '101080808', '222', '海力素', null);
INSERT INTO `weather_station` VALUES ('594', '101080809', '222', '那仁宝力格', null);
INSERT INTO `weather_station` VALUES ('595', '101080810', '222', '杭锦后旗', null);
INSERT INTO `weather_station` VALUES ('596', '101080911', '223', '太仆寺', null);
INSERT INTO `weather_station` VALUES ('597', '101080901', '223', '锡林浩特', null);
INSERT INTO `weather_station` VALUES ('598', '101080912', '223', '镶黄旗', null);
INSERT INTO `weather_station` VALUES ('599', '101080913', '223', '正镶白旗', null);
INSERT INTO `weather_station` VALUES ('600', '101080903', '223', '二连浩特', null);
INSERT INTO `weather_station` VALUES ('601', '101080914', '223', '正蓝旗', null);
INSERT INTO `weather_station` VALUES ('602', '101080904', '223', '阿巴嘎', null);
INSERT INTO `weather_station` VALUES ('603', '101080915', '223', '多伦', null);
INSERT INTO `weather_station` VALUES ('604', '101080916', '223', '博克图', null);
INSERT INTO `weather_station` VALUES ('605', '101080906', '223', '苏左旗', null);
INSERT INTO `weather_station` VALUES ('606', '101080917', '223', '乌拉盖', null);
INSERT INTO `weather_station` VALUES ('607', '101080907', '223', '苏右旗', null);
INSERT INTO `weather_station` VALUES ('608', '101080908', '223', '朱日和', null);
INSERT INTO `weather_station` VALUES ('609', '101080909', '223', '东乌旗', null);
INSERT INTO `weather_station` VALUES ('610', '101080910', '223', '西乌旗', null);
INSERT INTO `weather_station` VALUES ('611', '101081011', '224', '牙克石', null);
INSERT INTO `weather_station` VALUES ('612', '101081001', '224', '海拉尔', null);
INSERT INTO `weather_station` VALUES ('613', '101081012', '224', '扎兰屯', null);
INSERT INTO `weather_station` VALUES ('614', '101081002', '224', '小二沟', null);
INSERT INTO `weather_station` VALUES ('615', '101081003', '224', '阿荣旗', null);
INSERT INTO `weather_station` VALUES ('616', '101081014', '224', '额尔古纳', null);
INSERT INTO `weather_station` VALUES ('617', '101081004', '224', '莫力达瓦', null);
INSERT INTO `weather_station` VALUES ('618', '101081015', '224', '根河', null);
INSERT INTO `weather_station` VALUES ('619', '101081005', '224', '鄂伦春旗', null);
INSERT INTO `weather_station` VALUES ('620', '101081016', '224', '图里河', null);
INSERT INTO `weather_station` VALUES ('621', '101081006', '224', '鄂温克旗', null);
INSERT INTO `weather_station` VALUES ('622', '101081007', '224', '陈旗', null);
INSERT INTO `weather_station` VALUES ('623', '101081008', '224', '新左旗', null);
INSERT INTO `weather_station` VALUES ('624', '101081009', '224', '新右旗', null);
INSERT INTO `weather_station` VALUES ('625', '101081010', '224', '满洲里', null);
INSERT INTO `weather_station` VALUES ('626', '101211101', '225', '舟山', null);
INSERT INTO `weather_station` VALUES ('627', '101211102', '225', '嵊泗', null);
INSERT INTO `weather_station` VALUES ('628', '101211104', '225', '岱山', null);
INSERT INTO `weather_station` VALUES ('629', '101211105', '225', '普陀', null);
INSERT INTO `weather_station` VALUES ('630', '101211106', '225', '定海', null);
INSERT INTO `weather_station` VALUES ('631', '101210101', '226', '杭州', null);
INSERT INTO `weather_station` VALUES ('632', '101210102', '226', '萧山', null);
INSERT INTO `weather_station` VALUES ('633', '101210103', '226', '桐庐', null);
INSERT INTO `weather_station` VALUES ('634', '101210104', '226', '淳安', null);
INSERT INTO `weather_station` VALUES ('635', '101210105', '226', '建德', null);
INSERT INTO `weather_station` VALUES ('636', '101210106', '226', '余杭', null);
INSERT INTO `weather_station` VALUES ('637', '101210107', '226', '临安', null);
INSERT INTO `weather_station` VALUES ('638', '101210108', '226', '富阳', null);
INSERT INTO `weather_station` VALUES ('639', '101210201', '227', '湖州', null);
INSERT INTO `weather_station` VALUES ('640', '101210202', '227', '长兴', null);
INSERT INTO `weather_station` VALUES ('641', '101210203', '227', '安吉', null);
INSERT INTO `weather_station` VALUES ('642', '101210204', '227', '德清', null);
INSERT INTO `weather_station` VALUES ('643', '101210301', '228', '嘉兴', null);
INSERT INTO `weather_station` VALUES ('644', '101210302', '228', '嘉善', null);
INSERT INTO `weather_station` VALUES ('645', '101210303', '228', '海宁', null);
INSERT INTO `weather_station` VALUES ('646', '101210304', '228', '桐乡', null);
INSERT INTO `weather_station` VALUES ('647', '101210305', '228', '平湖', null);
INSERT INTO `weather_station` VALUES ('648', '101210306', '228', '海盐', null);
INSERT INTO `weather_station` VALUES ('649', '101210411', '229', '鄞州', null);
INSERT INTO `weather_station` VALUES ('650', '101210401', '229', '宁波', null);
INSERT INTO `weather_station` VALUES ('651', '101210412', '229', '镇海', null);
INSERT INTO `weather_station` VALUES ('652', '101210403', '229', '慈溪', null);
INSERT INTO `weather_station` VALUES ('653', '101210404', '229', '余姚', null);
INSERT INTO `weather_station` VALUES ('654', '101210405', '229', '奉化', null);
INSERT INTO `weather_station` VALUES ('655', '101210406', '229', '象山', null);
INSERT INTO `weather_station` VALUES ('656', '101210408', '229', '宁海', null);
INSERT INTO `weather_station` VALUES ('657', '101210410', '229', '北仑', null);
INSERT INTO `weather_station` VALUES ('658', '101210501', '230', '绍兴', null);
INSERT INTO `weather_station` VALUES ('659', '101210502', '230', '诸暨', null);
INSERT INTO `weather_station` VALUES ('660', '101210503', '230', '上虞', null);
INSERT INTO `weather_station` VALUES ('661', '101210504', '230', '新昌', null);
INSERT INTO `weather_station` VALUES ('662', '101210505', '230', '嵊州', null);
INSERT INTO `weather_station` VALUES ('663', '101210611', '231', '椒江', null);
INSERT INTO `weather_station` VALUES ('664', '101210601', '231', '台州', null);
INSERT INTO `weather_station` VALUES ('665', '101210612', '231', '黄岩', null);
INSERT INTO `weather_station` VALUES ('666', '101210613', '231', '路桥', null);
INSERT INTO `weather_station` VALUES ('667', '101210603', '231', '玉环', null);
INSERT INTO `weather_station` VALUES ('668', '101210604', '231', '三门', null);
INSERT INTO `weather_station` VALUES ('669', '101210605', '231', '天台', null);
INSERT INTO `weather_station` VALUES ('670', '101210606', '231', '仙居', null);
INSERT INTO `weather_station` VALUES ('671', '101210607', '231', '温岭', null);
INSERT INTO `weather_station` VALUES ('673', '101210610', '231', '临海', null);
INSERT INTO `weather_station` VALUES ('674', '101210701', '232', '温州', null);
INSERT INTO `weather_station` VALUES ('675', '101210702', '232', '泰顺', null);
INSERT INTO `weather_station` VALUES ('676', '101210703', '232', '文成', null);
INSERT INTO `weather_station` VALUES ('677', '101210704', '232', '平阳', null);
INSERT INTO `weather_station` VALUES ('678', '101210705', '232', '瑞安', null);
INSERT INTO `weather_station` VALUES ('679', '101210706', '232', '洞头', null);
INSERT INTO `weather_station` VALUES ('680', '101210707', '232', '乐清', null);
INSERT INTO `weather_station` VALUES ('681', '101210708', '232', '永嘉', null);
INSERT INTO `weather_station` VALUES ('682', '101210709', '232', '苍南', null);
INSERT INTO `weather_station` VALUES ('683', '101210801', '233', '丽水', null);
INSERT INTO `weather_station` VALUES ('684', '101210802', '233', '遂昌', null);
INSERT INTO `weather_station` VALUES ('685', '101210803', '233', '龙泉', null);
INSERT INTO `weather_station` VALUES ('686', '101210804', '233', '缙云', null);
INSERT INTO `weather_station` VALUES ('687', '101210805', '233', '青田', null);
INSERT INTO `weather_station` VALUES ('688', '101210806', '233', '云和', null);
INSERT INTO `weather_station` VALUES ('689', '101210807', '233', '庆元', null);
INSERT INTO `weather_station` VALUES ('690', '101210808', '233', '松阳', null);
INSERT INTO `weather_station` VALUES ('691', '101210809', '233', '景宁', null);
INSERT INTO `weather_station` VALUES ('692', '101210901', '234', '金华', null);
INSERT INTO `weather_station` VALUES ('693', '101210902', '234', '浦江', null);
INSERT INTO `weather_station` VALUES ('694', '101210903', '234', '兰溪', null);
INSERT INTO `weather_station` VALUES ('695', '101210904', '234', '义乌', null);
INSERT INTO `weather_station` VALUES ('696', '101210905', '234', '东阳', null);
INSERT INTO `weather_station` VALUES ('697', '101210906', '234', '武义', null);
INSERT INTO `weather_station` VALUES ('698', '101210907', '234', '永康', null);
INSERT INTO `weather_station` VALUES ('699', '101210908', '234', '磐安', null);
INSERT INTO `weather_station` VALUES ('700', '101211001', '235', '衢州', null);
INSERT INTO `weather_station` VALUES ('701', '101211002', '235', '常山', null);
INSERT INTO `weather_station` VALUES ('702', '101211003', '235', '开化', null);
INSERT INTO `weather_station` VALUES ('703', '101211004', '235', '龙游', null);
INSERT INTO `weather_station` VALUES ('704', '101211005', '235', '江山', null);
INSERT INTO `weather_station` VALUES ('705', '101211006', '235', '衢江', null);
INSERT INTO `weather_station` VALUES ('706', '101201101', '236', '十堰', null);
INSERT INTO `weather_station` VALUES ('707', '101201102', '236', '竹溪', null);
INSERT INTO `weather_station` VALUES ('708', '101201103', '236', '郧西', null);
INSERT INTO `weather_station` VALUES ('709', '101201104', '236', '郧县', null);
INSERT INTO `weather_station` VALUES ('710', '101201105', '236', '竹山', null);
INSERT INTO `weather_station` VALUES ('711', '101201106', '236', '房县', null);
INSERT INTO `weather_station` VALUES ('712', '101201107', '236', '丹江口', null);
INSERT INTO `weather_station` VALUES ('713', '101201108', '236', '茅箭', null);
INSERT INTO `weather_station` VALUES ('714', '101201109', '236', '张湾', null);
INSERT INTO `weather_station` VALUES ('715', '101200101', '237', '武汉', null);
INSERT INTO `weather_station` VALUES ('716', '101200102', '237', '蔡甸', null);
INSERT INTO `weather_station` VALUES ('717', '101200103', '237', '黄陂', null);
INSERT INTO `weather_station` VALUES ('718', '101200104', '237', '新洲', null);
INSERT INTO `weather_station` VALUES ('719', '101200105', '237', '江夏', null);
INSERT INTO `weather_station` VALUES ('720', '101200106', '237', '东西湖', null);
INSERT INTO `weather_station` VALUES ('721', '101201201', '238', '神农架', null);
INSERT INTO `weather_station` VALUES ('722', '101200201', '239', '襄阳', null);
INSERT INTO `weather_station` VALUES ('723', '101200202', '239', '襄州', null);
INSERT INTO `weather_station` VALUES ('724', '101200203', '239', '保康', null);
INSERT INTO `weather_station` VALUES ('725', '101200204', '239', '南漳', null);
INSERT INTO `weather_station` VALUES ('726', '101200205', '239', '宜城', null);
INSERT INTO `weather_station` VALUES ('727', '101200206', '239', '老河口', null);
INSERT INTO `weather_station` VALUES ('728', '101200207', '239', '谷城', null);
INSERT INTO `weather_station` VALUES ('729', '101200208', '239', '枣阳', null);
INSERT INTO `weather_station` VALUES ('730', '101201301', '240', '随州', null);
INSERT INTO `weather_station` VALUES ('731', '101201302', '240', '广水', null);
INSERT INTO `weather_station` VALUES ('732', '101200301', '241', '鄂州', null);
INSERT INTO `weather_station` VALUES ('733', '101200302', '241', '梁子湖', null);
INSERT INTO `weather_station` VALUES ('734', '101201401', '242', '荆门', null);
INSERT INTO `weather_station` VALUES ('735', '101201402', '242', '钟祥', null);
INSERT INTO `weather_station` VALUES ('736', '101201403', '242', '京山', null);
INSERT INTO `weather_station` VALUES ('737', '101201404', '242', '掇刀', null);
INSERT INTO `weather_station` VALUES ('738', '101201405', '242', '沙洋', null);
INSERT INTO `weather_station` VALUES ('739', '101200401', '243', '孝感', null);
INSERT INTO `weather_station` VALUES ('740', '101200402', '243', '安陆', null);
INSERT INTO `weather_station` VALUES ('741', '101200403', '243', '云梦', null);
INSERT INTO `weather_station` VALUES ('742', '101200404', '243', '大悟', null);
INSERT INTO `weather_station` VALUES ('743', '101200405', '243', '应城', null);
INSERT INTO `weather_station` VALUES ('744', '101200406', '243', '汉川', null);
INSERT INTO `weather_station` VALUES ('745', '101200407', '243', '孝昌', null);
INSERT INTO `weather_station` VALUES ('746', '101201501', '244', '天门', null);
INSERT INTO `weather_station` VALUES ('747', '101200501', '245', '黄冈', null);
INSERT INTO `weather_station` VALUES ('748', '101200502', '245', '红安', null);
INSERT INTO `weather_station` VALUES ('749', '101200503', '245', '麻城', null);
INSERT INTO `weather_station` VALUES ('750', '101200504', '245', '罗田', null);
INSERT INTO `weather_station` VALUES ('751', '101200505', '245', '英山', null);
INSERT INTO `weather_station` VALUES ('752', '101200506', '245', '浠水', null);
INSERT INTO `weather_station` VALUES ('753', '101200507', '245', '蕲春', null);
INSERT INTO `weather_station` VALUES ('754', '101200508', '245', '黄梅', null);
INSERT INTO `weather_station` VALUES ('755', '101200509', '245', '武穴', null);
INSERT INTO `weather_station` VALUES ('756', '101200510', '245', '团风', null);
INSERT INTO `weather_station` VALUES ('757', '101201601', '246', '仙桃', null);
INSERT INTO `weather_station` VALUES ('758', '101200601', '247', '黄石', null);
INSERT INTO `weather_station` VALUES ('759', '101200602', '247', '大冶', null);
INSERT INTO `weather_station` VALUES ('760', '101200603', '247', '阳新', null);
INSERT INTO `weather_station` VALUES ('761', '101200604', '247', '铁山', null);
INSERT INTO `weather_station` VALUES ('762', '101200605', '247', '下陆', null);
INSERT INTO `weather_station` VALUES ('763', '101200606', '247', '西塞山', null);
INSERT INTO `weather_station` VALUES ('764', '101201701', '248', '潜江', null);
INSERT INTO `weather_station` VALUES ('765', '101200701', '249', '咸宁', null);
INSERT INTO `weather_station` VALUES ('766', '101200702', '249', '赤壁', null);
INSERT INTO `weather_station` VALUES ('767', '101200703', '249', '嘉鱼', null);
INSERT INTO `weather_station` VALUES ('768', '101200704', '249', '崇阳', null);
INSERT INTO `weather_station` VALUES ('769', '101200705', '249', '通城', null);
INSERT INTO `weather_station` VALUES ('770', '101200706', '249', '通山', null);
INSERT INTO `weather_station` VALUES ('771', '101200801', '250', '荆州', null);
INSERT INTO `weather_station` VALUES ('772', '101200802', '250', '江陵', null);
INSERT INTO `weather_station` VALUES ('773', '101200803', '250', '公安', null);
INSERT INTO `weather_station` VALUES ('774', '101200804', '250', '石首', null);
INSERT INTO `weather_station` VALUES ('775', '101200805', '250', '监利', null);
INSERT INTO `weather_station` VALUES ('776', '101200806', '250', '洪湖', null);
INSERT INTO `weather_station` VALUES ('777', '101200807', '250', '松滋', null);
INSERT INTO `weather_station` VALUES ('778', '101200808', '250', '沙市', null);
INSERT INTO `weather_station` VALUES ('779', '101200911', '251', '三峡', null);
INSERT INTO `weather_station` VALUES ('780', '101200901', '251', '宜昌', null);
INSERT INTO `weather_station` VALUES ('781', '101200912', '251', '夷陵', null);
INSERT INTO `weather_station` VALUES ('782', '101200902', '251', '远安', null);
INSERT INTO `weather_station` VALUES ('783', '101200903', '251', '秭归', null);
INSERT INTO `weather_station` VALUES ('784', '101200904', '251', '兴山', null);
INSERT INTO `weather_station` VALUES ('785', '101200906', '251', '五峰', null);
INSERT INTO `weather_station` VALUES ('786', '101200907', '251', '当阳', null);
INSERT INTO `weather_station` VALUES ('787', '101200908', '251', '长阳', null);
INSERT INTO `weather_station` VALUES ('788', '101200909', '251', '宜都', null);
INSERT INTO `weather_station` VALUES ('789', '101200910', '251', '枝江', null);
INSERT INTO `weather_station` VALUES ('790', '101201001', '252', '恩施', null);
INSERT INTO `weather_station` VALUES ('791', '101201002', '252', '利川', null);
INSERT INTO `weather_station` VALUES ('792', '101201003', '252', '建始', null);
INSERT INTO `weather_station` VALUES ('793', '101201004', '252', '咸丰', null);
INSERT INTO `weather_station` VALUES ('794', '101201005', '252', '宣恩', null);
INSERT INTO `weather_station` VALUES ('795', '101201006', '252', '鹤峰', null);
INSERT INTO `weather_station` VALUES ('796', '101201007', '252', '来凤', null);
INSERT INTO `weather_station` VALUES ('797', '101201008', '252', '巴东', null);
INSERT INTO `weather_station` VALUES ('798', '101011100', '253', '大兴', null);
INSERT INTO `weather_station` VALUES ('799', '101010100', '253', '北京', null);
INSERT INTO `weather_station` VALUES ('800', '101011200', '253', '房山', null);
INSERT INTO `weather_station` VALUES ('801', '101010200', '253', '海淀', null);
INSERT INTO `weather_station` VALUES ('802', '101011300', '253', '密云', null);
INSERT INTO `weather_station` VALUES ('803', '101010300', '253', '朝阳', null);
INSERT INTO `weather_station` VALUES ('804', '101011400', '253', '门头沟', null);
INSERT INTO `weather_station` VALUES ('805', '101010400', '253', '顺义', null);
INSERT INTO `weather_station` VALUES ('806', '101011500', '253', '平谷', null);
INSERT INTO `weather_station` VALUES ('807', '101010500', '253', '怀柔', null);
INSERT INTO `weather_station` VALUES ('808', '101010600', '253', '通州', null);
INSERT INTO `weather_station` VALUES ('809', '101010700', '253', '昌平', null);
INSERT INTO `weather_station` VALUES ('810', '101010800', '253', '延庆', null);
INSERT INTO `weather_station` VALUES ('811', '101010900', '253', '丰台', null);
INSERT INTO `weather_station` VALUES ('812', '101011000', '253', '石景山', null);
INSERT INTO `weather_station` VALUES ('813', '101230111', '254', '福清', null);
INSERT INTO `weather_station` VALUES ('814', '101230101', '254', '福州', null);
INSERT INTO `weather_station` VALUES ('815', '101230102', '254', '闽清', null);
INSERT INTO `weather_station` VALUES ('816', '101230103', '254', '闽侯', null);
INSERT INTO `weather_station` VALUES ('817', '101230104', '254', '罗源', null);
INSERT INTO `weather_station` VALUES ('818', '101230105', '254', '连江', null);
INSERT INTO `weather_station` VALUES ('819', '101230107', '254', '永泰', null);
INSERT INTO `weather_station` VALUES ('820', '101230108', '254', '平潭', null);
INSERT INTO `weather_station` VALUES ('821', '101230110', '254', '长乐', null);
INSERT INTO `weather_station` VALUES ('822', '101230201', '255', '厦门', null);
INSERT INTO `weather_station` VALUES ('823', '101230202', '255', '同安', null);
INSERT INTO `weather_station` VALUES ('824', '101230301', '256', '宁德', null);
INSERT INTO `weather_station` VALUES ('825', '101230302', '256', '古田', null);
INSERT INTO `weather_station` VALUES ('826', '101230303', '256', '霞浦', null);
INSERT INTO `weather_station` VALUES ('827', '101230304', '256', '寿宁', null);
INSERT INTO `weather_station` VALUES ('828', '101230305', '256', '周宁', null);
INSERT INTO `weather_station` VALUES ('829', '101230306', '256', '福安', null);
INSERT INTO `weather_station` VALUES ('830', '101230307', '256', '柘荣', null);
INSERT INTO `weather_station` VALUES ('831', '101230308', '256', '福鼎', null);
INSERT INTO `weather_station` VALUES ('832', '101230309', '256', '屏南', null);
INSERT INTO `weather_station` VALUES ('833', '101230401', '257', '莆田', null);
INSERT INTO `weather_station` VALUES ('834', '101230402', '257', '仙游', null);
INSERT INTO `weather_station` VALUES ('835', '101230403', '257', '秀屿港', null);
INSERT INTO `weather_station` VALUES ('836', '101230404', '257', '涵江', null);
INSERT INTO `weather_station` VALUES ('837', '101230405', '257', '秀屿', null);
INSERT INTO `weather_station` VALUES ('838', '101230406', '257', '荔城', null);
INSERT INTO `weather_station` VALUES ('839', '101230407', '257', '城厢', null);
INSERT INTO `weather_station` VALUES ('840', '101230501', '258', '泉州', null);
INSERT INTO `weather_station` VALUES ('841', '101230502', '258', '安溪', null);
INSERT INTO `weather_station` VALUES ('842', '101230504', '258', '永春', null);
INSERT INTO `weather_station` VALUES ('843', '101230505', '258', '德化', null);
INSERT INTO `weather_station` VALUES ('844', '101230506', '258', '南安', null);
INSERT INTO `weather_station` VALUES ('845', '101230507', '258', '崇武', null);
INSERT INTO `weather_station` VALUES ('846', '101230508', '258', '惠安', null);
INSERT INTO `weather_station` VALUES ('847', '101230509', '258', '晋江', null);
INSERT INTO `weather_station` VALUES ('848', '101230510', '258', '石狮', null);
INSERT INTO `weather_station` VALUES ('849', '101230601', '259', '漳州', null);
INSERT INTO `weather_station` VALUES ('850', '101230602', '259', '长泰', null);
INSERT INTO `weather_station` VALUES ('851', '101230603', '259', '南靖', null);
INSERT INTO `weather_station` VALUES ('852', '101230604', '259', '平和', null);
INSERT INTO `weather_station` VALUES ('853', '101230605', '259', '龙海', null);
INSERT INTO `weather_station` VALUES ('854', '101230606', '259', '漳浦', null);
INSERT INTO `weather_station` VALUES ('855', '101230607', '259', '诏安', null);
INSERT INTO `weather_station` VALUES ('856', '101230608', '259', '东山', null);
INSERT INTO `weather_station` VALUES ('857', '101230609', '259', '云霄', null);
INSERT INTO `weather_station` VALUES ('858', '101230610', '259', '华安', null);
INSERT INTO `weather_station` VALUES ('859', '101230701', '260', '龙岩', null);
INSERT INTO `weather_station` VALUES ('860', '101230702', '260', '长汀', null);
INSERT INTO `weather_station` VALUES ('861', '101230703', '260', '连城', null);
INSERT INTO `weather_station` VALUES ('862', '101230704', '260', '武平', null);
INSERT INTO `weather_station` VALUES ('863', '101230705', '260', '上杭', null);
INSERT INTO `weather_station` VALUES ('864', '101230706', '260', '永定', null);
INSERT INTO `weather_station` VALUES ('865', '101230707', '260', '漳平', null);
INSERT INTO `weather_station` VALUES ('866', '101230811', '261', '大田', null);
INSERT INTO `weather_station` VALUES ('867', '101230801', '261', '三明', null);
INSERT INTO `weather_station` VALUES ('868', '101230802', '261', '宁化', null);
INSERT INTO `weather_station` VALUES ('869', '101230803', '261', '清流', null);
INSERT INTO `weather_station` VALUES ('870', '101230804', '261', '泰宁', null);
INSERT INTO `weather_station` VALUES ('871', '101230805', '261', '将乐', null);
INSERT INTO `weather_station` VALUES ('872', '101230806', '261', '建宁', null);
INSERT INTO `weather_station` VALUES ('873', '101230807', '261', '明溪', null);
INSERT INTO `weather_station` VALUES ('874', '101230808', '261', '沙县', null);
INSERT INTO `weather_station` VALUES ('875', '101230809', '261', '尤溪', null);
INSERT INTO `weather_station` VALUES ('876', '101230810', '261', '永安', null);
INSERT INTO `weather_station` VALUES ('877', '101230901', '262', '南平', null);
INSERT INTO `weather_station` VALUES ('878', '101230902', '262', '顺昌', null);
INSERT INTO `weather_station` VALUES ('879', '101230903', '262', '光泽', null);
INSERT INTO `weather_station` VALUES ('880', '101230904', '262', '邵武', null);
INSERT INTO `weather_station` VALUES ('881', '101230905', '262', '武夷山', null);
INSERT INTO `weather_station` VALUES ('882', '101230906', '262', '浦城', null);
INSERT INTO `weather_station` VALUES ('883', '101230907', '262', '建阳', null);
INSERT INTO `weather_station` VALUES ('884', '101230908', '262', '松溪', null);
INSERT INTO `weather_station` VALUES ('885', '101230909', '262', '政和', null);
INSERT INTO `weather_station` VALUES ('886', '101230910', '262', '建瓯', null);
INSERT INTO `weather_station` VALUES ('887', '101221101', '263', '滁州', null);
INSERT INTO `weather_station` VALUES ('888', '101221102', '263', '凤阳', null);
INSERT INTO `weather_station` VALUES ('889', '101221103', '263', '明光', null);
INSERT INTO `weather_station` VALUES ('890', '101221104', '263', '定远', null);
INSERT INTO `weather_station` VALUES ('891', '101221105', '263', '全椒', null);
INSERT INTO `weather_station` VALUES ('892', '101221106', '263', '来安', null);
INSERT INTO `weather_station` VALUES ('893', '101221107', '263', '天长', null);
INSERT INTO `weather_station` VALUES ('894', '101220101', '264', '合肥', null);
INSERT INTO `weather_station` VALUES ('895', '101220102', '264', '长丰', null);
INSERT INTO `weather_station` VALUES ('896', '101220103', '264', '肥东', null);
INSERT INTO `weather_station` VALUES ('897', '101220104', '264', '肥西', null);
INSERT INTO `weather_station` VALUES ('898', '101220105', '264', '巢湖', null);
INSERT INTO `weather_station` VALUES ('899', '101220106', '264', '庐江', null);
INSERT INTO `weather_station` VALUES ('900', '101221201', '265', '淮北', null);
INSERT INTO `weather_station` VALUES ('901', '101221202', '265', '濉溪', null);
INSERT INTO `weather_station` VALUES ('902', '101220201', '266', '蚌埠', null);
INSERT INTO `weather_station` VALUES ('903', '101220202', '266', '怀远', null);
INSERT INTO `weather_station` VALUES ('904', '101220203', '266', '固镇', null);
INSERT INTO `weather_station` VALUES ('905', '101220204', '266', '五河', null);
INSERT INTO `weather_station` VALUES ('906', '101221301', '267', '铜陵', null);
INSERT INTO `weather_station` VALUES ('907', '101220301', '268', '芜湖', null);
INSERT INTO `weather_station` VALUES ('908', '101220302', '268', '繁昌', null);
INSERT INTO `weather_station` VALUES ('909', '101220303', '268', '芜湖县', null);
INSERT INTO `weather_station` VALUES ('910', '101220304', '268', '南陵', null);
INSERT INTO `weather_station` VALUES ('911', '101220305', '268', '无为', null);
INSERT INTO `weather_station` VALUES ('912', '101221401', '269', '宣城', null);
INSERT INTO `weather_station` VALUES ('913', '101221402', '269', '泾县', null);
INSERT INTO `weather_station` VALUES ('914', '101221403', '269', '旌德', null);
INSERT INTO `weather_station` VALUES ('915', '101221404', '269', '宁国', null);
INSERT INTO `weather_station` VALUES ('916', '101221405', '269', '绩溪', null);
INSERT INTO `weather_station` VALUES ('917', '101221406', '269', '广德', null);
INSERT INTO `weather_station` VALUES ('918', '101221407', '269', '郎溪', null);
INSERT INTO `weather_station` VALUES ('919', '101220401', '270', '淮南', null);
INSERT INTO `weather_station` VALUES ('920', '101220402', '270', '凤台', null);
INSERT INTO `weather_station` VALUES ('921', '101220403', '270', '潘集', null);
INSERT INTO `weather_station` VALUES ('922', '101221501', '271', '六安', null);
INSERT INTO `weather_station` VALUES ('923', '101221502', '271', '霍邱', null);
INSERT INTO `weather_station` VALUES ('924', '101221503', '271', '寿县', null);
INSERT INTO `weather_station` VALUES ('925', '101221505', '271', '金寨', null);
INSERT INTO `weather_station` VALUES ('926', '101221506', '271', '霍山', null);
INSERT INTO `weather_station` VALUES ('927', '101221507', '271', '舒城', null);
INSERT INTO `weather_station` VALUES ('928', '101220501', '272', '马鞍山', null);
INSERT INTO `weather_station` VALUES ('929', '101220502', '272', '当涂', null);
INSERT INTO `weather_station` VALUES ('930', '101220503', '272', '含山', null);
INSERT INTO `weather_station` VALUES ('931', '101220504', '272', '和县', null);
INSERT INTO `weather_station` VALUES ('932', '101220601', '273', '安庆', null);
INSERT INTO `weather_station` VALUES ('933', '101220602', '273', '枞阳', null);
INSERT INTO `weather_station` VALUES ('934', '101220603', '273', '太湖', null);
INSERT INTO `weather_station` VALUES ('935', '101220604', '273', '潜山', null);
INSERT INTO `weather_station` VALUES ('936', '101220605', '273', '怀宁', null);
INSERT INTO `weather_station` VALUES ('937', '101220606', '273', '宿松', null);
INSERT INTO `weather_station` VALUES ('938', '101220607', '273', '望江', null);
INSERT INTO `weather_station` VALUES ('939', '101220608', '273', '岳西', null);
INSERT INTO `weather_station` VALUES ('940', '101220609', '273', '桐城', null);
INSERT INTO `weather_station` VALUES ('941', '101221701', '274', '池州', null);
INSERT INTO `weather_station` VALUES ('942', '101221702', '274', '东至', null);
INSERT INTO `weather_station` VALUES ('943', '101221703', '274', '青阳', null);
INSERT INTO `weather_station` VALUES ('944', '101221704', '274', '九华山', null);
INSERT INTO `weather_station` VALUES ('945', '101221705', '274', '石台', null);
INSERT INTO `weather_station` VALUES ('946', '101220701', '275', '宿州', null);
INSERT INTO `weather_station` VALUES ('947', '101220702', '275', '砀山', null);
INSERT INTO `weather_station` VALUES ('948', '101220703', '275', '灵璧', null);
INSERT INTO `weather_station` VALUES ('949', '101220704', '275', '泗县', null);
INSERT INTO `weather_station` VALUES ('950', '101220705', '275', '萧县', null);
INSERT INTO `weather_station` VALUES ('951', '101220801', '276', '阜阳', null);
INSERT INTO `weather_station` VALUES ('952', '101220802', '276', '阜南', null);
INSERT INTO `weather_station` VALUES ('953', '101220803', '276', '颍上', null);
INSERT INTO `weather_station` VALUES ('954', '101220804', '276', '临泉', null);
INSERT INTO `weather_station` VALUES ('955', '101220805', '276', '界首', null);
INSERT INTO `weather_station` VALUES ('956', '101220806', '276', '太和', null);
INSERT INTO `weather_station` VALUES ('957', '101220901', '277', '亳州', null);
INSERT INTO `weather_station` VALUES ('958', '101220902', '277', '涡阳', null);
INSERT INTO `weather_station` VALUES ('959', '101220903', '277', '利辛', null);
INSERT INTO `weather_station` VALUES ('960', '101220904', '277', '蒙城', null);
INSERT INTO `weather_station` VALUES ('961', '101221001', '278', '黄山市', null);
INSERT INTO `weather_station` VALUES ('962', '101221002', '278', '黄山区', null);
INSERT INTO `weather_station` VALUES ('963', '101221003', '278', '屯溪', null);
INSERT INTO `weather_station` VALUES ('964', '101221004', '278', '祁门', null);
INSERT INTO `weather_station` VALUES ('965', '101221005', '278', '黟县', null);
INSERT INTO `weather_station` VALUES ('966', '101221006', '278', '歙县', null);
INSERT INTO `weather_station` VALUES ('967', '101221007', '278', '休宁', null);
INSERT INTO `weather_station` VALUES ('968', '101221008', '278', '黄山风景区', null);
INSERT INTO `weather_station` VALUES ('970', '101030100', '279', '天津', null);
INSERT INTO `weather_station` VALUES ('972', '101030200', '279', '武清', null);
INSERT INTO `weather_station` VALUES ('973', '101030300', '279', '宝坻', null);
INSERT INTO `weather_station` VALUES ('974', '10103140004A', '279', '蓟县', null);
INSERT INTO `weather_station` VALUES ('975', '101030400', '279', '东丽', null);
INSERT INTO `weather_station` VALUES ('976', '101030500', '279', '西青', null);
INSERT INTO `weather_station` VALUES ('977', '101030600', '279', '北辰', null);
INSERT INTO `weather_station` VALUES ('978', '101030700', '279', '宁河', null);
INSERT INTO `weather_station` VALUES ('979', '101030800', '279', '汉沽', null);
INSERT INTO `weather_station` VALUES ('980', '101030900', '279', '静海', null);
INSERT INTO `weather_station` VALUES ('981', '101031000', '279', '津南', null);
INSERT INTO `weather_station` VALUES ('982', '101251101', '280', '张家界', null);
INSERT INTO `weather_station` VALUES ('983', '101251102', '280', '桑植', null);
INSERT INTO `weather_station` VALUES ('984', '101251103', '280', '慈利', null);
INSERT INTO `weather_station` VALUES ('985', '101251104', '280', '武陵源', null);
INSERT INTO `weather_station` VALUES ('986', '101250101', '281', '长沙', null);
INSERT INTO `weather_station` VALUES ('987', '101250102', '281', '宁乡', null);
INSERT INTO `weather_station` VALUES ('988', '101250103', '281', '浏阳', null);
INSERT INTO `weather_station` VALUES ('989', '101250104', '281', '马坡岭', null);
INSERT INTO `weather_station` VALUES ('990', '101250105', '281', '望城', null);
INSERT INTO `weather_station` VALUES ('991', '101251211', '282', '溆浦', null);
INSERT INTO `weather_station` VALUES ('992', '101251201', '282', '怀化', null);
INSERT INTO `weather_station` VALUES ('993', '101251212', '282', '中方', null);
INSERT INTO `weather_station` VALUES ('994', '101251213', '282', '洪江', null);
INSERT INTO `weather_station` VALUES ('995', '101251203', '282', '沅陵', null);
INSERT INTO `weather_station` VALUES ('996', '101251204', '282', '辰溪', null);
INSERT INTO `weather_station` VALUES ('997', '101251205', '282', '靖州', null);
INSERT INTO `weather_station` VALUES ('998', '101251206', '282', '会同', null);
INSERT INTO `weather_station` VALUES ('999', '101251207', '282', '通道', null);
INSERT INTO `weather_station` VALUES ('1000', '101251208', '282', '麻阳', null);
INSERT INTO `weather_station` VALUES ('1001', '101251209', '282', '新晃', null);
INSERT INTO `weather_station` VALUES ('1002', '101251210', '282', '芷江', null);
INSERT INTO `weather_station` VALUES ('1003', '101250201', '283', '湘潭', null);
INSERT INTO `weather_station` VALUES ('1004', '101250202', '283', '韶山', null);
INSERT INTO `weather_station` VALUES ('1005', '101250203', '283', '湘乡', null);
INSERT INTO `weather_station` VALUES ('1006', '101250301', '284', '株洲', null);
INSERT INTO `weather_station` VALUES ('1007', '101250302', '284', '攸县', null);
INSERT INTO `weather_station` VALUES ('1008', '101250303', '284', '醴陵', null);
INSERT INTO `weather_station` VALUES ('1009', '101250305', '284', '茶陵', null);
INSERT INTO `weather_station` VALUES ('1010', '101250306', '284', '炎陵', null);
INSERT INTO `weather_station` VALUES ('1011', '101251411', '285', '冷水滩', null);
INSERT INTO `weather_station` VALUES ('1012', '101251401', '285', '永州', null);
INSERT INTO `weather_station` VALUES ('1013', '101251402', '285', '祁阳', null);
INSERT INTO `weather_station` VALUES ('1014', '101251403', '285', '东安', null);
INSERT INTO `weather_station` VALUES ('1015', '101251404', '285', '双牌', null);
INSERT INTO `weather_station` VALUES ('1016', '101251405', '285', '道县', null);
INSERT INTO `weather_station` VALUES ('1017', '101251406', '285', '宁远', null);
INSERT INTO `weather_station` VALUES ('1018', '101251407', '285', '江永', null);
INSERT INTO `weather_station` VALUES ('1019', '101251408', '285', '蓝山', null);
INSERT INTO `weather_station` VALUES ('1020', '101251409', '285', '新田', null);
INSERT INTO `weather_station` VALUES ('1021', '101251410', '285', '江华', null);
INSERT INTO `weather_station` VALUES ('1022', '101250401', '286', '衡阳', null);
INSERT INTO `weather_station` VALUES ('1023', '101250402', '286', '衡山', null);
INSERT INTO `weather_station` VALUES ('1024', '101250403', '286', '衡东', null);
INSERT INTO `weather_station` VALUES ('1025', '101250404', '286', '祁东', null);
INSERT INTO `weather_station` VALUES ('1026', '101250405', '286', '衡阳县', null);
INSERT INTO `weather_station` VALUES ('1027', '101250406', '286', '常宁', null);
INSERT INTO `weather_station` VALUES ('1028', '101250407', '286', '衡南', null);
INSERT INTO `weather_station` VALUES ('1029', '101250408', '286', '耒阳', null);
INSERT INTO `weather_station` VALUES ('1030', '101250409', '286', '南岳', null);
INSERT INTO `weather_station` VALUES ('1031', '101251501', '287', '吉首', null);
INSERT INTO `weather_station` VALUES ('1032', '101251502', '287', '保靖', null);
INSERT INTO `weather_station` VALUES ('1033', '101251503', '287', '永顺', null);
INSERT INTO `weather_station` VALUES ('1034', '101251504', '287', '古丈', null);
INSERT INTO `weather_station` VALUES ('1035', '101251505', '287', '凤凰', null);
INSERT INTO `weather_station` VALUES ('1036', '101251506', '287', '泸溪', null);
INSERT INTO `weather_station` VALUES ('1037', '101251507', '287', '龙山', null);
INSERT INTO `weather_station` VALUES ('1038', '101251508', '287', '花垣', null);
INSERT INTO `weather_station` VALUES ('1039', '101250511', '288', '桂东', null);
INSERT INTO `weather_station` VALUES ('1040', '101250501', '288', '郴州', null);
INSERT INTO `weather_station` VALUES ('1041', '101250512', '288', '苏仙', null);
INSERT INTO `weather_station` VALUES ('1042', '101250502', '288', '桂阳', null);
INSERT INTO `weather_station` VALUES ('1043', '101250503', '288', '嘉禾', null);
INSERT INTO `weather_station` VALUES ('1044', '101250504', '288', '宜章', null);
INSERT INTO `weather_station` VALUES ('1045', '101250505', '288', '临武', null);
INSERT INTO `weather_station` VALUES ('1046', '101250507', '288', '资兴', null);
INSERT INTO `weather_station` VALUES ('1047', '101250508', '288', '汝城', null);
INSERT INTO `weather_station` VALUES ('1048', '101250509', '288', '安仁', null);
INSERT INTO `weather_station` VALUES ('1049', '101250510', '288', '永兴', null);
INSERT INTO `weather_station` VALUES ('1050', '101250601', '289', '常德', null);
INSERT INTO `weather_station` VALUES ('1051', '101250602', '289', '安乡', null);
INSERT INTO `weather_station` VALUES ('1052', '101250603', '289', '桃源', null);
INSERT INTO `weather_station` VALUES ('1053', '101250604', '289', '汉寿', null);
INSERT INTO `weather_station` VALUES ('1054', '101250605', '289', '澧县', null);
INSERT INTO `weather_station` VALUES ('1055', '101250606', '289', '临澧', null);
INSERT INTO `weather_station` VALUES ('1056', '101250607', '289', '石门', null);
INSERT INTO `weather_station` VALUES ('1057', '101250608', '289', '津市', null);
INSERT INTO `weather_station` VALUES ('1058', '101250700', '290', '益阳', null);
INSERT INTO `weather_station` VALUES ('1059', '101250701', '290', '赫山区', null);
INSERT INTO `weather_station` VALUES ('1060', '101250702', '290', '南县', null);
INSERT INTO `weather_station` VALUES ('1061', '101250703', '290', '桃江', null);
INSERT INTO `weather_station` VALUES ('1062', '101250704', '290', '安化', null);
INSERT INTO `weather_station` VALUES ('1063', '101250705', '290', '沅江', null);
INSERT INTO `weather_station` VALUES ('1064', '101250801', '291', '娄底', null);
INSERT INTO `weather_station` VALUES ('1065', '101250802', '291', '双峰', null);
INSERT INTO `weather_station` VALUES ('1066', '101250803', '291', '冷水江', null);
INSERT INTO `weather_station` VALUES ('1067', '101250805', '291', '新化', null);
INSERT INTO `weather_station` VALUES ('1068', '101250806', '291', '涟源', null);
INSERT INTO `weather_station` VALUES ('1069', '101250901', '292', '邵阳', null);
INSERT INTO `weather_station` VALUES ('1070', '101250902', '292', '隆回', null);
INSERT INTO `weather_station` VALUES ('1071', '101250903', '292', '洞口', null);
INSERT INTO `weather_station` VALUES ('1072', '101250904', '292', '新邵', null);
INSERT INTO `weather_station` VALUES ('1073', '101250905', '292', '邵东', null);
INSERT INTO `weather_station` VALUES ('1074', '101250906', '292', '绥宁', null);
INSERT INTO `weather_station` VALUES ('1075', '101250907', '292', '新宁', null);
INSERT INTO `weather_station` VALUES ('1076', '101250908', '292', '武冈', null);
INSERT INTO `weather_station` VALUES ('1077', '101250909', '292', '城步', null);
INSERT INTO `weather_station` VALUES ('1078', '101250910', '292', '邵阳县', null);
INSERT INTO `weather_station` VALUES ('1079', '101251001', '293', '岳阳', null);
INSERT INTO `weather_station` VALUES ('1080', '101251002', '293', '华容', null);
INSERT INTO `weather_station` VALUES ('1081', '101251003', '293', '湘阴', null);
INSERT INTO `weather_station` VALUES ('1082', '101251004', '293', '汨罗', null);
INSERT INTO `weather_station` VALUES ('1083', '101251005', '293', '平江', null);
INSERT INTO `weather_station` VALUES ('1084', '101251006', '293', '临湘', null);
INSERT INTO `weather_station` VALUES ('1085', '101021100', '294', '崇明', null);
INSERT INTO `weather_station` VALUES ('1086', '101020100', '294', '上海', null);
INSERT INTO `weather_station` VALUES ('1088', '101020200', '294', '闵行', null);
INSERT INTO `weather_station` VALUES ('1089', '101020600', '294', '浦东', null);
INSERT INTO `weather_station` VALUES ('1090', '101020300', '294', '宝山', null);
INSERT INTO `weather_station` VALUES ('1091', '101020500', '294', '嘉定', null);
INSERT INTO `weather_station` VALUES ('1092', '101020600', '294', '南汇', null);
INSERT INTO `weather_station` VALUES ('1093', '101020700', '294', '金山', null);
INSERT INTO `weather_station` VALUES ('1094', '101020800', '294', '青浦', null);
INSERT INTO `weather_station` VALUES ('1095', '101020900', '294', '松江', null);
INSERT INTO `weather_station` VALUES ('1096', '101021000', '294', '奉贤', null);
INSERT INTO `weather_station` VALUES ('1097', '101241101', '295', '鹰潭', null);
INSERT INTO `weather_station` VALUES ('1098', '101241102', '295', '余江', null);
INSERT INTO `weather_station` VALUES ('1099', '101241103', '295', '贵溪', null);
INSERT INTO `weather_station` VALUES ('1100', '101240101', '296', '南昌', null);
INSERT INTO `weather_station` VALUES ('1101', '101240102', '296', '新建', null);
INSERT INTO `weather_station` VALUES ('1102', '101240103', '296', '南昌县', null);
INSERT INTO `weather_station` VALUES ('1103', '101240104', '296', '安义', null);
INSERT INTO `weather_station` VALUES ('1104', '101240105', '296', '进贤', null);
INSERT INTO `weather_station` VALUES ('1105', '101240201', '297', '九江', null);
INSERT INTO `weather_station` VALUES ('1106', '101240212', '297', '修水', null);
INSERT INTO `weather_station` VALUES ('1107', '101240202', '297', '瑞昌', null);
INSERT INTO `weather_station` VALUES ('1108', '101240203', '297', '庐山', null);
INSERT INTO `weather_station` VALUES ('1109', '101240204', '297', '武宁', null);
INSERT INTO `weather_station` VALUES ('1110', '101240205', '297', '德安', null);
INSERT INTO `weather_station` VALUES ('1111', '101240206', '297', '永修', null);
INSERT INTO `weather_station` VALUES ('1112', '101240207', '297', '湖口', null);
INSERT INTO `weather_station` VALUES ('1113', '101240208', '297', '彭泽', null);
INSERT INTO `weather_station` VALUES ('1114', '101240209', '297', '星子', null);
INSERT INTO `weather_station` VALUES ('1115', '101240210', '297', '都昌', null);
INSERT INTO `weather_station` VALUES ('1116', '101240311', '298', '铅山', null);
INSERT INTO `weather_station` VALUES ('1117', '101240301', '298', '上饶', null);
INSERT INTO `weather_station` VALUES ('1118', '101240312', '298', '玉山', null);
INSERT INTO `weather_station` VALUES ('1119', '101240302', '298', '鄱阳', null);
INSERT INTO `weather_station` VALUES ('1120', '101240313', '298', '广丰', null);
INSERT INTO `weather_station` VALUES ('1121', '101240303', '298', '婺源', null);
INSERT INTO `weather_station` VALUES ('1122', '101240305', '298', '余干', null);
INSERT INTO `weather_station` VALUES ('1123', '101240306', '298', '万年', null);
INSERT INTO `weather_station` VALUES ('1124', '101240307', '298', '德兴', null);
INSERT INTO `weather_station` VALUES ('1125', '101240308', '298', '上饶县', null);
INSERT INTO `weather_station` VALUES ('1126', '101240309', '298', '弋阳', null);
INSERT INTO `weather_station` VALUES ('1127', '101240310', '298', '横峰', null);
INSERT INTO `weather_station` VALUES ('1128', '101240411', '299', '东乡', null);
INSERT INTO `weather_station` VALUES ('1129', '101240401', '299', '抚州', null);
INSERT INTO `weather_station` VALUES ('1130', '101240402', '299', '广昌', null);
INSERT INTO `weather_station` VALUES ('1131', '101240403', '299', '乐安', null);
INSERT INTO `weather_station` VALUES ('1132', '101240404', '299', '崇仁', null);
INSERT INTO `weather_station` VALUES ('1133', '101240405', '299', '金溪', null);
INSERT INTO `weather_station` VALUES ('1134', '101240406', '299', '资溪', null);
INSERT INTO `weather_station` VALUES ('1135', '101240407', '299', '宜黄', null);
INSERT INTO `weather_station` VALUES ('1136', '101240408', '299', '南城', null);
INSERT INTO `weather_station` VALUES ('1137', '101240409', '299', '南丰', null);
INSERT INTO `weather_station` VALUES ('1138', '101240410', '299', '黎川', null);
INSERT INTO `weather_station` VALUES ('1139', '101240501', '300', '宜春', null);
INSERT INTO `weather_station` VALUES ('1140', '101240502', '300', '铜鼓', null);
INSERT INTO `weather_station` VALUES ('1141', '101240503', '300', '宜丰', null);
INSERT INTO `weather_station` VALUES ('1142', '101240504', '300', '万载', null);
INSERT INTO `weather_station` VALUES ('1143', '101240505', '300', '上高', null);
INSERT INTO `weather_station` VALUES ('1144', '101240506', '300', '靖安', null);
INSERT INTO `weather_station` VALUES ('1145', '101240507', '300', '奉新', null);
INSERT INTO `weather_station` VALUES ('1146', '101240508', '300', '高安', null);
INSERT INTO `weather_station` VALUES ('1147', '101240509', '300', '樟树', null);
INSERT INTO `weather_station` VALUES ('1148', '101240510', '300', '丰城', null);
INSERT INTO `weather_station` VALUES ('1149', '101240611', '301', '泰和', null);
INSERT INTO `weather_station` VALUES ('1150', '101240601', '301', '吉安', null);
INSERT INTO `weather_station` VALUES ('1151', '101240612', '301', '安福', null);
INSERT INTO `weather_station` VALUES ('1152', '101240602', '301', '吉安县', null);
INSERT INTO `weather_station` VALUES ('1153', '101240613', '301', '宁冈', null);
INSERT INTO `weather_station` VALUES ('1154', '101240603', '301', '吉水', null);
INSERT INTO `weather_station` VALUES ('1155', '101240604', '301', '新干', null);
INSERT INTO `weather_station` VALUES ('1156', '101240605', '301', '峡江', null);
INSERT INTO `weather_station` VALUES ('1157', '101240606', '301', '永丰', null);
INSERT INTO `weather_station` VALUES ('1158', '101240607', '301', '永新', null);
INSERT INTO `weather_station` VALUES ('1159', '101240608', '301', '井冈山', null);
INSERT INTO `weather_station` VALUES ('1160', '101240609', '301', '万安', null);
INSERT INTO `weather_station` VALUES ('1161', '101240610', '301', '遂川', null);
INSERT INTO `weather_station` VALUES ('1162', '101240711', '302', '会昌', null);
INSERT INTO `weather_station` VALUES ('1163', '101240701', '302', '赣州', null);
INSERT INTO `weather_station` VALUES ('1164', '101240712', '302', '安远', null);
INSERT INTO `weather_station` VALUES ('1165', '101240702', '302', '崇义', null);
INSERT INTO `weather_station` VALUES ('1166', '101240713', '302', '全南', null);
INSERT INTO `weather_station` VALUES ('1167', '101240703', '302', '上犹', null);
INSERT INTO `weather_station` VALUES ('1168', '101240714', '302', '龙南', null);
INSERT INTO `weather_station` VALUES ('1169', '101240704', '302', '南康', null);
INSERT INTO `weather_station` VALUES ('1170', '101240715', '302', '定南', null);
INSERT INTO `weather_station` VALUES ('1171', '101240705', '302', '大余', null);
INSERT INTO `weather_station` VALUES ('1172', '101240716', '302', '寻乌', null);
INSERT INTO `weather_station` VALUES ('1173', '101240706', '302', '信丰', null);
INSERT INTO `weather_station` VALUES ('1174', '101240717', '302', '兴国', null);
INSERT INTO `weather_station` VALUES ('1175', '101240707', '302', '宁都', null);
INSERT INTO `weather_station` VALUES ('1176', '101240718', '302', '赣县', null);
INSERT INTO `weather_station` VALUES ('1177', '101240708', '302', '石城', null);
INSERT INTO `weather_station` VALUES ('1178', '101240709', '302', '瑞金', null);
INSERT INTO `weather_station` VALUES ('1179', '101240710', '302', '于都', null);
INSERT INTO `weather_station` VALUES ('1180', '101240801', '303', '景德镇', null);
INSERT INTO `weather_station` VALUES ('1181', '101240802', '303', '乐平', null);
INSERT INTO `weather_station` VALUES ('1182', '101240803', '303', '浮梁', null);
INSERT INTO `weather_station` VALUES ('1183', '101240901', '304', '萍乡', null);
INSERT INTO `weather_station` VALUES ('1184', '101240902', '304', '莲花', null);
INSERT INTO `weather_station` VALUES ('1185', '101240903', '304', '上栗', null);
INSERT INTO `weather_station` VALUES ('1186', '101240904', '304', '安源', null);
INSERT INTO `weather_station` VALUES ('1187', '101240905', '304', '芦溪', null);
INSERT INTO `weather_station` VALUES ('1188', '101240906', '304', '湘东', null);
INSERT INTO `weather_station` VALUES ('1189', '101241001', '305', '新余', null);
INSERT INTO `weather_station` VALUES ('1190', '101241002', '305', '分宜', null);
INSERT INTO `weather_station` VALUES ('1191', '101051101', '306', '鸡西', null);
INSERT INTO `weather_station` VALUES ('1192', '101051102', '306', '虎林', null);
INSERT INTO `weather_station` VALUES ('1193', '101051103', '306', '密山', null);
INSERT INTO `weather_station` VALUES ('1194', '101051104', '306', '鸡东', null);
INSERT INTO `weather_station` VALUES ('1195', '101050111', '307', '尚志', null);
INSERT INTO `weather_station` VALUES ('1196', '101050101', '307', '哈尔滨', null);
INSERT INTO `weather_station` VALUES ('1197', '101050112', '307', '五常', null);
INSERT INTO `weather_station` VALUES ('1198', '101050102', '307', '双城', null);
INSERT INTO `weather_station` VALUES ('1199', '101050113', '307', '木兰', null);
INSERT INTO `weather_station` VALUES ('1200', '101050103', '307', '呼兰', null);
INSERT INTO `weather_station` VALUES ('1201', '101050104', '307', '阿城', null);
INSERT INTO `weather_station` VALUES ('1202', '101050105', '307', '宾县', null);
INSERT INTO `weather_station` VALUES ('1203', '101050106', '307', '依兰', null);
INSERT INTO `weather_station` VALUES ('1204', '101050107', '307', '巴彦', null);
INSERT INTO `weather_station` VALUES ('1205', '101050108', '307', '通河', null);
INSERT INTO `weather_station` VALUES ('1206', '101050109', '307', '方正', null);
INSERT INTO `weather_station` VALUES ('1207', '101050110', '307', '延寿', null);
INSERT INTO `weather_station` VALUES ('1208', '101051201', '308', '鹤岗', null);
INSERT INTO `weather_station` VALUES ('1209', '101051202', '308', '绥滨', null);
INSERT INTO `weather_station` VALUES ('1210', '101051203', '308', '萝北', null);
INSERT INTO `weather_station` VALUES ('1211', '101050201', '309', '齐齐哈尔', null);
INSERT INTO `weather_station` VALUES ('1212', '101050202', '309', '讷河', null);
INSERT INTO `weather_station` VALUES ('1213', '101050203', '309', '龙江', null);
INSERT INTO `weather_station` VALUES ('1214', '101050204', '309', '甘南', null);
INSERT INTO `weather_station` VALUES ('1215', '101050205', '309', '富裕', null);
INSERT INTO `weather_station` VALUES ('1216', '101050206', '309', '依安', null);
INSERT INTO `weather_station` VALUES ('1217', '101050207', '309', '拜泉', null);
INSERT INTO `weather_station` VALUES ('1218', '101050208', '309', '克山', null);
INSERT INTO `weather_station` VALUES ('1219', '101050209', '309', '克东', null);
INSERT INTO `weather_station` VALUES ('1220', '101050210', '309', '泰来', null);
INSERT INTO `weather_station` VALUES ('1221', '101051301', '310', '双鸭山', null);
INSERT INTO `weather_station` VALUES ('1222', '101051302', '310', '集贤', null);
INSERT INTO `weather_station` VALUES ('1223', '101051303', '310', '宝清', null);
INSERT INTO `weather_station` VALUES ('1224', '101051304', '310', '饶河', null);
INSERT INTO `weather_station` VALUES ('1225', '101051305', '310', '友谊', null);
INSERT INTO `weather_station` VALUES ('1226', '101050301', '311', '牡丹江', null);
INSERT INTO `weather_station` VALUES ('1227', '101050302', '311', '海林', null);
INSERT INTO `weather_station` VALUES ('1228', '101050303', '311', '穆棱', null);
INSERT INTO `weather_station` VALUES ('1229', '101050304', '311', '林口', null);
INSERT INTO `weather_station` VALUES ('1230', '101050305', '311', '绥芬河', null);
INSERT INTO `weather_station` VALUES ('1231', '101050306', '311', '宁安', null);
INSERT INTO `weather_station` VALUES ('1232', '101050307', '311', '东宁', null);
INSERT INTO `weather_station` VALUES ('1233', '101050401', '312', '佳木斯', null);
INSERT INTO `weather_station` VALUES ('1234', '101050402', '312', '汤原', null);
INSERT INTO `weather_station` VALUES ('1235', '101050403', '312', '抚远', null);
INSERT INTO `weather_station` VALUES ('1236', '101050404', '312', '桦川', null);
INSERT INTO `weather_station` VALUES ('1237', '101050405', '312', '桦南', null);
INSERT INTO `weather_station` VALUES ('1238', '101050406', '312', '同江', null);
INSERT INTO `weather_station` VALUES ('1239', '101050407', '312', '富锦', null);
INSERT INTO `weather_station` VALUES ('1240', '101050501', '313', '绥化', null);
INSERT INTO `weather_station` VALUES ('1241', '101050502', '313', '肇东', null);
INSERT INTO `weather_station` VALUES ('1242', '101050503', '313', '安达', null);
INSERT INTO `weather_station` VALUES ('1243', '101050504', '313', '海伦', null);
INSERT INTO `weather_station` VALUES ('1244', '101050505', '313', '明水', null);
INSERT INTO `weather_station` VALUES ('1245', '101050506', '313', '望奎', null);
INSERT INTO `weather_station` VALUES ('1246', '101050507', '313', '兰西', null);
INSERT INTO `weather_station` VALUES ('1247', '101050508', '313', '青冈', null);
INSERT INTO `weather_station` VALUES ('1248', '101050509', '313', '庆安', null);
INSERT INTO `weather_station` VALUES ('1249', '101050510', '313', '绥棱', null);
INSERT INTO `weather_station` VALUES ('1250', '101050601', '314', '黑河', null);
INSERT INTO `weather_station` VALUES ('1251', '101050602', '314', '嫩江', null);
INSERT INTO `weather_station` VALUES ('1252', '101050603', '314', '孙吴', null);
INSERT INTO `weather_station` VALUES ('1253', '101050604', '314', '逊克', null);
INSERT INTO `weather_station` VALUES ('1254', '101050605', '314', '五大连池', null);
INSERT INTO `weather_station` VALUES ('1255', '101050606', '314', '北安', null);
INSERT INTO `weather_station` VALUES ('1256', '101050701', '315', '大兴安岭', null);
INSERT INTO `weather_station` VALUES ('1257', '101050702', '315', '塔河', null);
INSERT INTO `weather_station` VALUES ('1258', '101050703', '315', '漠河', null);
INSERT INTO `weather_station` VALUES ('1259', '101050704', '315', '呼玛', null);
INSERT INTO `weather_station` VALUES ('1260', '101050705', '315', '呼中', null);
INSERT INTO `weather_station` VALUES ('1261', '101050706', '315', '新林', null);
INSERT INTO `weather_station` VALUES ('1262', '101050708', '315', '加格达奇', null);
INSERT INTO `weather_station` VALUES ('1263', '101050801', '316', '伊春', null);
INSERT INTO `weather_station` VALUES ('1264', '101050802', '316', '乌伊岭', null);
INSERT INTO `weather_station` VALUES ('1265', '101050803', '316', '五营', null);
INSERT INTO `weather_station` VALUES ('1266', '101050804', '316', '铁力', null);
INSERT INTO `weather_station` VALUES ('1267', '101050805', '316', '嘉荫', null);
INSERT INTO `weather_station` VALUES ('1268', '101050901', '317', '大庆', null);
INSERT INTO `weather_station` VALUES ('1269', '101050902', '317', '林甸', null);
INSERT INTO `weather_station` VALUES ('1270', '101050903', '317', '肇州', null);
INSERT INTO `weather_station` VALUES ('1271', '101050904', '317', '肇源', null);
INSERT INTO `weather_station` VALUES ('1272', '101050905', '317', '杜尔伯特', null);
INSERT INTO `weather_station` VALUES ('1273', '101051002', '318', '七台河', null);
INSERT INTO `weather_station` VALUES ('1274', '101051003', '318', '勃利', null);
INSERT INTO `weather_station` VALUES ('1275', '101271111', '319', '屏山', null);
INSERT INTO `weather_station` VALUES ('1276', '101271101', '319', '宜宾', null);
INSERT INTO `weather_station` VALUES ('1277', '101271103', '319', '宜宾县', null);
INSERT INTO `weather_station` VALUES ('1278', '101271104', '319', '南溪', null);
INSERT INTO `weather_station` VALUES ('1279', '101271105', '319', '江安', null);
INSERT INTO `weather_station` VALUES ('1280', '101271106', '319', '长宁', null);
INSERT INTO `weather_station` VALUES ('1281', '101271107', '319', '高县', null);
INSERT INTO `weather_station` VALUES ('1282', '101271108', '319', '珙县', null);
INSERT INTO `weather_station` VALUES ('1283', '101271109', '319', '筠连', null);
INSERT INTO `weather_station` VALUES ('1284', '101271110', '319', '兴文', null);
INSERT INTO `weather_station` VALUES ('1285', '101270111', '320', '都江堰', null);
INSERT INTO `weather_station` VALUES ('1286', '101270101', '320', '成都', null);
INSERT INTO `weather_station` VALUES ('1287', '101270112', '320', '彭州', null);
INSERT INTO `weather_station` VALUES ('1288', '101270102', '320', '龙泉驿', null);
INSERT INTO `weather_station` VALUES ('1289', '101270113', '320', '邛崃', null);
INSERT INTO `weather_station` VALUES ('1290', '101270103', '320', '新都', null);
INSERT INTO `weather_station` VALUES ('1291', '101270114', '320', '崇州', null);
INSERT INTO `weather_station` VALUES ('1292', '101270104', '320', '温江', null);
INSERT INTO `weather_station` VALUES ('1293', '101270115', '320', '青白江', null);
INSERT INTO `weather_station` VALUES ('1294', '101270105', '320', '金堂', null);
INSERT INTO `weather_station` VALUES ('1295', '101270106', '320', '双流', null);
INSERT INTO `weather_station` VALUES ('1296', '101270107', '320', '郫县', null);
INSERT INTO `weather_station` VALUES ('1297', '101270108', '320', '大邑', null);
INSERT INTO `weather_station` VALUES ('1298', '101270109', '320', '蒲江', null);
INSERT INTO `weather_station` VALUES ('1299', '101270110', '320', '新津', null);
INSERT INTO `weather_station` VALUES ('1300', '101271201', '321', '内江', null);
INSERT INTO `weather_station` VALUES ('1301', '101271202', '321', '东兴', null);
INSERT INTO `weather_station` VALUES ('1302', '101271203', '321', '威远', null);
INSERT INTO `weather_station` VALUES ('1303', '101271204', '321', '资中', null);
INSERT INTO `weather_station` VALUES ('1304', '101271205', '321', '隆昌', null);
INSERT INTO `weather_station` VALUES ('1305', '101270201', '322', '攀枝花', null);
INSERT INTO `weather_station` VALUES ('1306', '101270202', '322', '仁和', null);
INSERT INTO `weather_station` VALUES ('1307', '101270203', '322', '米易', null);
INSERT INTO `weather_station` VALUES ('1308', '101270204', '322', '盐边', null);
INSERT INTO `weather_station` VALUES ('1309', '101271301', '323', '资阳', null);
INSERT INTO `weather_station` VALUES ('1310', '101271302', '323', '安岳', null);
INSERT INTO `weather_station` VALUES ('1311', '101271303', '323', '乐至', null);
INSERT INTO `weather_station` VALUES ('1312', '101271304', '323', '简阳', null);
INSERT INTO `weather_station` VALUES ('1313', '101270301', '324', '自贡', null);
INSERT INTO `weather_station` VALUES ('1314', '101270302', '324', '富顺', null);
INSERT INTO `weather_station` VALUES ('1315', '101270303', '324', '荣县', null);
INSERT INTO `weather_station` VALUES ('1316', '101271401', '325', '乐山', null);
INSERT INTO `weather_station` VALUES ('1317', '101271402', '325', '犍为', null);
INSERT INTO `weather_station` VALUES ('1318', '101271403', '325', '井研', null);
INSERT INTO `weather_station` VALUES ('1319', '101271404', '325', '夹江', null);
INSERT INTO `weather_station` VALUES ('1320', '101271405', '325', '沐川', null);
INSERT INTO `weather_station` VALUES ('1321', '101271406', '325', '峨边', null);
INSERT INTO `weather_station` VALUES ('1322', '101271407', '325', '马边', null);
INSERT INTO `weather_station` VALUES ('1323', '101271408', '325', '峨眉', null);
INSERT INTO `weather_station` VALUES ('1324', '101271409', '325', '峨眉山', null);
INSERT INTO `weather_station` VALUES ('1325', '101270401', '326', '绵阳', null);
INSERT INTO `weather_station` VALUES ('1326', '101270402', '326', '三台', null);
INSERT INTO `weather_station` VALUES ('1327', '101270403', '326', '盐亭', null);
INSERT INTO `weather_station` VALUES ('1328', '101270404', '326', '安县', null);
INSERT INTO `weather_station` VALUES ('1329', '101270405', '326', '梓潼', null);
INSERT INTO `weather_station` VALUES ('1330', '101270406', '326', '北川', null);
INSERT INTO `weather_station` VALUES ('1331', '101270407', '326', '平武', null);
INSERT INTO `weather_station` VALUES ('1332', '101270408', '326', '江油', null);
INSERT INTO `weather_station` VALUES ('1333', '101271501', '327', '眉山', null);
INSERT INTO `weather_station` VALUES ('1334', '101271502', '327', '仁寿', null);
INSERT INTO `weather_station` VALUES ('1335', '101271503', '327', '彭山', null);
INSERT INTO `weather_station` VALUES ('1336', '101271504', '327', '洪雅', null);
INSERT INTO `weather_station` VALUES ('1337', '101271505', '327', '丹棱', null);
INSERT INTO `weather_station` VALUES ('1338', '101271506', '327', '青神', null);
INSERT INTO `weather_station` VALUES ('1339', '101270501', '328', '南充', null);
INSERT INTO `weather_station` VALUES ('1340', '101270502', '328', '南部', null);
INSERT INTO `weather_station` VALUES ('1341', '101270503', '328', '营山', null);
INSERT INTO `weather_station` VALUES ('1342', '101270504', '328', '蓬安', null);
INSERT INTO `weather_station` VALUES ('1343', '101270505', '328', '仪陇', null);
INSERT INTO `weather_station` VALUES ('1344', '101270506', '328', '西充', null);
INSERT INTO `weather_station` VALUES ('1345', '101270507', '328', '阆中', null);
INSERT INTO `weather_station` VALUES ('1346', '101271611', '329', '金阳', null);
INSERT INTO `weather_station` VALUES ('1347', '101271601', '329', '凉山', null);
INSERT INTO `weather_station` VALUES ('1348', '101271612', '329', '昭觉', null);
INSERT INTO `weather_station` VALUES ('1349', '101271613', '329', '喜德', null);
INSERT INTO `weather_station` VALUES ('1350', '101271603', '329', '木里', null);
INSERT INTO `weather_station` VALUES ('1351', '101271614', '329', '冕宁', null);
INSERT INTO `weather_station` VALUES ('1352', '101271604', '329', '盐源', null);
INSERT INTO `weather_station` VALUES ('1353', '101271615', '329', '越西', null);
INSERT INTO `weather_station` VALUES ('1354', '101271605', '329', '德昌', null);
INSERT INTO `weather_station` VALUES ('1355', '101271616', '329', '甘洛', null);
INSERT INTO `weather_station` VALUES ('1356', '101271606', '329', '会理', null);
INSERT INTO `weather_station` VALUES ('1357', '101271617', '329', '雷波', null);
INSERT INTO `weather_station` VALUES ('1358', '101271607', '329', '会东', null);
INSERT INTO `weather_station` VALUES ('1359', '101271618', '329', '美姑', null);
INSERT INTO `weather_station` VALUES ('1360', '101271608', '329', '宁南', null);
INSERT INTO `weather_station` VALUES ('1361', '101271619', '329', '布拖', null);
INSERT INTO `weather_station` VALUES ('1362', '101271609', '329', '普格', null);
INSERT INTO `weather_station` VALUES ('1363', '101271610', '329', '西昌', null);
INSERT INTO `weather_station` VALUES ('1364', '101270601', '330', '达州', null);
INSERT INTO `weather_station` VALUES ('1365', '101270602', '330', '宣汉', null);
INSERT INTO `weather_station` VALUES ('1366', '101270603', '330', '开江', null);
INSERT INTO `weather_station` VALUES ('1367', '101270604', '330', '大竹', null);
INSERT INTO `weather_station` VALUES ('1368', '101270605', '330', '渠县', null);
INSERT INTO `weather_station` VALUES ('1369', '101270606', '330', '万源', null);
INSERT INTO `weather_station` VALUES ('1370', '101270607', '330', '通川', null);
INSERT INTO `weather_station` VALUES ('1371', '101270608', '330', '达县', null);
INSERT INTO `weather_station` VALUES ('1372', '101271701', '331', '雅安', null);
INSERT INTO `weather_station` VALUES ('1373', '101271702', '331', '名山', null);
INSERT INTO `weather_station` VALUES ('1374', '101271703', '331', '荥经', null);
INSERT INTO `weather_station` VALUES ('1375', '101271704', '331', '汉源', null);
INSERT INTO `weather_station` VALUES ('1376', '101271705', '331', '石棉', null);
INSERT INTO `weather_station` VALUES ('1377', '101271706', '331', '天全', null);
INSERT INTO `weather_station` VALUES ('1378', '101271707', '331', '芦山', null);
INSERT INTO `weather_station` VALUES ('1379', '101271708', '331', '宝兴', null);
INSERT INTO `weather_station` VALUES ('1380', '101270701', '332', '遂宁', null);
INSERT INTO `weather_station` VALUES ('1381', '101270702', '332', '蓬溪', null);
INSERT INTO `weather_station` VALUES ('1382', '101270703', '332', '射洪', null);
INSERT INTO `weather_station` VALUES ('1383', '101271811', '333', '白玉', null);
INSERT INTO `weather_station` VALUES ('1384', '101271801', '333', '甘孜', null);
INSERT INTO `weather_station` VALUES ('1385', '101271812', '333', '石渠', null);
INSERT INTO `weather_station` VALUES ('1386', '101271802', '333', '康定', null);
INSERT INTO `weather_station` VALUES ('1387', '101271813', '333', '色达', null);
INSERT INTO `weather_station` VALUES ('1388', '101271803', '333', '泸定', null);
INSERT INTO `weather_station` VALUES ('1389', '101271814', '333', '理塘', null);
INSERT INTO `weather_station` VALUES ('1390', '101271804', '333', '丹巴', null);
INSERT INTO `weather_station` VALUES ('1391', '101271815', '333', '巴塘', null);
INSERT INTO `weather_station` VALUES ('1392', '101271805', '333', '九龙', null);
INSERT INTO `weather_station` VALUES ('1393', '101271816', '333', '乡城', null);
INSERT INTO `weather_station` VALUES ('1394', '101271806', '333', '雅江', null);
INSERT INTO `weather_station` VALUES ('1395', '101271817', '333', '稻城', null);
INSERT INTO `weather_station` VALUES ('1396', '101271807', '333', '道孚', null);
INSERT INTO `weather_station` VALUES ('1397', '101271818', '333', '得荣', null);
INSERT INTO `weather_station` VALUES ('1398', '101271808', '333', '炉霍', null);
INSERT INTO `weather_station` VALUES ('1399', '101271809', '333', '新龙', null);
INSERT INTO `weather_station` VALUES ('1400', '101271810', '333', '德格', null);
INSERT INTO `weather_station` VALUES ('1401', '101270801', '334', '广安', null);
INSERT INTO `weather_station` VALUES ('1402', '101270802', '334', '岳池', null);
INSERT INTO `weather_station` VALUES ('1403', '101270803', '334', '武胜', null);
INSERT INTO `weather_station` VALUES ('1404', '101270804', '334', '邻水', null);
INSERT INTO `weather_station` VALUES ('1405', '101270805', '334', '华蓥', null);
INSERT INTO `weather_station` VALUES ('1406', '101271911', '335', '壤塘', null);
INSERT INTO `weather_station` VALUES ('1407', '101271901', '335', '阿坝', null);
INSERT INTO `weather_station` VALUES ('1408', '101271912', '335', '若尔盖', null);
INSERT INTO `weather_station` VALUES ('1409', '101271902', '335', '汶川', null);
INSERT INTO `weather_station` VALUES ('1410', '101271913', '335', '红原', null);
INSERT INTO `weather_station` VALUES ('1411', '101271903', '335', '理县', null);
INSERT INTO `weather_station` VALUES ('1412', '101271904', '335', '茂县', null);
INSERT INTO `weather_station` VALUES ('1413', '101271905', '335', '松潘', null);
INSERT INTO `weather_station` VALUES ('1414', '101271906', '335', '九寨沟', null);
INSERT INTO `weather_station` VALUES ('1415', '101271907', '335', '金川', null);
INSERT INTO `weather_station` VALUES ('1416', '101271908', '335', '小金', null);
INSERT INTO `weather_station` VALUES ('1417', '101271909', '335', '黑水', null);
INSERT INTO `weather_station` VALUES ('1418', '101271910', '335', '马尔康', null);
INSERT INTO `weather_station` VALUES ('1419', '101270901', '336', '巴中', null);
INSERT INTO `weather_station` VALUES ('1420', '101270902', '336', '通江', null);
INSERT INTO `weather_station` VALUES ('1421', '101270903', '336', '南江', null);
INSERT INTO `weather_station` VALUES ('1422', '101270904', '336', '平昌', null);
INSERT INTO `weather_station` VALUES ('1423', '101272001', '337', '德阳', null);
INSERT INTO `weather_station` VALUES ('1424', '101272002', '337', '中江', null);
INSERT INTO `weather_station` VALUES ('1425', '101272003', '337', '广汉', null);
INSERT INTO `weather_station` VALUES ('1426', '101272004', '337', '什邡', null);
INSERT INTO `weather_station` VALUES ('1427', '101272005', '337', '绵竹', null);
INSERT INTO `weather_station` VALUES ('1428', '101272006', '337', '罗江', null);
INSERT INTO `weather_station` VALUES ('1429', '101271001', '338', '泸州', null);
INSERT INTO `weather_station` VALUES ('1430', '101271003', '338', '泸县', null);
INSERT INTO `weather_station` VALUES ('1431', '101271004', '338', '合江', null);
INSERT INTO `weather_station` VALUES ('1432', '101271005', '338', '叙永', null);
INSERT INTO `weather_station` VALUES ('1433', '101271006', '338', '古蔺', null);
INSERT INTO `weather_station` VALUES ('1434', '101271007', '338', '纳溪', null);
INSERT INTO `weather_station` VALUES ('1435', '101272101', '339', '广元', null);
INSERT INTO `weather_station` VALUES ('1436', '101272102', '339', '旺苍', null);
INSERT INTO `weather_station` VALUES ('1437', '101272103', '339', '青川', null);
INSERT INTO `weather_station` VALUES ('1438', '101272104', '339', '剑阁', null);
INSERT INTO `weather_station` VALUES ('1439', '101272105', '339', '苍溪', null);
INSERT INTO `weather_station` VALUES ('1440', '101042200', '340', '垫江', null);
INSERT INTO `weather_station` VALUES ('1441', '101040100', '340', '重庆', null);
INSERT INTO `weather_station` VALUES ('1442', '101042300', '340', '梁平', null);
INSERT INTO `weather_station` VALUES ('1443', '101040200', '340', '永川', null);
INSERT INTO `weather_station` VALUES ('1444', '101042400', '340', '忠县', null);
INSERT INTO `weather_station` VALUES ('1445', '101040300', '340', '合川', null);
INSERT INTO `weather_station` VALUES ('1446', '101042500', '340', '石柱', null);
INSERT INTO `weather_station` VALUES ('1447', '101040400', '340', '南川', null);
INSERT INTO `weather_station` VALUES ('1448', '101042600', '340', '大足', null);
INSERT INTO `weather_station` VALUES ('1449', '101040500', '340', '江津', null);
INSERT INTO `weather_station` VALUES ('1450', '101042700', '340', '荣昌', null);
INSERT INTO `weather_station` VALUES ('1451', '10104060003A', '340', '万盛', null);
INSERT INTO `weather_station` VALUES ('1452', '101042800', '340', '铜梁', null);
INSERT INTO `weather_station` VALUES ('1453', '101040700', '340', '渝北', null);
INSERT INTO `weather_station` VALUES ('1454', '101042900', '340', '璧山', null);
INSERT INTO `weather_station` VALUES ('1455', '101040800', '340', '北碚', null);
INSERT INTO `weather_station` VALUES ('1456', '101040900', '340', '巴南', null);
INSERT INTO `weather_station` VALUES ('1457', '101043000', '340', '丰都', null);
INSERT INTO `weather_station` VALUES ('1458', '101043100', '340', '武隆', null);
INSERT INTO `weather_station` VALUES ('1459', '101041000', '340', '长寿', null);
INSERT INTO `weather_station` VALUES ('1460', '101043200', '340', '彭水', null);
INSERT INTO `weather_station` VALUES ('1461', '101041100', '340', '黔江', null);
INSERT INTO `weather_station` VALUES ('1462', '101043300', '340', '綦江', null);
INSERT INTO `weather_station` VALUES ('1463', '101043400', '340', '酉阳', null);
INSERT INTO `weather_station` VALUES ('1464', '101041300', '340', '万州', null);
INSERT INTO `weather_station` VALUES ('1465', '101041400', '340', '涪陵', null);
INSERT INTO `weather_station` VALUES ('1466', '101043600', '340', '秀山', null);
INSERT INTO `weather_station` VALUES ('1467', '101041500', '340', '开县', null);
INSERT INTO `weather_station` VALUES ('1468', '101041600', '340', '城口', null);
INSERT INTO `weather_station` VALUES ('1469', '101041700', '340', '云阳', null);
INSERT INTO `weather_station` VALUES ('1470', '101041800', '340', '巫溪', null);
INSERT INTO `weather_station` VALUES ('1471', '101041900', '340', '奉节', null);
INSERT INTO `weather_station` VALUES ('1472', '101042000', '340', '巫山', null);
INSERT INTO `weather_station` VALUES ('1473', '101042100', '340', '潼南', null);
INSERT INTO `weather_station` VALUES ('1474', '101260111', '341', '南明', null);
INSERT INTO `weather_station` VALUES ('1475', '101260101', '341', '贵阳', null);
INSERT INTO `weather_station` VALUES ('1476', '101260102', '341', '白云', null);
INSERT INTO `weather_station` VALUES ('1477', '101260103', '341', '花溪', null);
INSERT INTO `weather_station` VALUES ('1478', '101260104', '341', '乌当', null);
INSERT INTO `weather_station` VALUES ('1479', '101260105', '341', '息烽', null);
INSERT INTO `weather_station` VALUES ('1480', '101260106', '341', '开阳', null);
INSERT INTO `weather_station` VALUES ('1481', '101260107', '341', '修文', null);
INSERT INTO `weather_station` VALUES ('1482', '101260108', '341', '清镇', null);
INSERT INTO `weather_station` VALUES ('1483', '101260109', '341', '小河', null);
INSERT INTO `weather_station` VALUES ('1484', '101260110', '341', '云岩', null);
INSERT INTO `weather_station` VALUES ('1485', '101260211', '342', '正安', null);
INSERT INTO `weather_station` VALUES ('1486', '101260201', '342', '遵义', null);
INSERT INTO `weather_station` VALUES ('1487', '101260212', '342', '务川', null);
INSERT INTO `weather_station` VALUES ('1488', '101260202', '342', '遵义县', null);
INSERT INTO `weather_station` VALUES ('1489', '101260213', '342', '余庆', null);
INSERT INTO `weather_station` VALUES ('1490', '101260203', '342', '仁怀', null);
INSERT INTO `weather_station` VALUES ('1491', '101260214', '342', '汇川', null);
INSERT INTO `weather_station` VALUES ('1492', '101260204', '342', '绥阳', null);
INSERT INTO `weather_station` VALUES ('1493', '101260215', '342', '红花岗', null);
INSERT INTO `weather_station` VALUES ('1494', '101260205', '342', '湄潭', null);
INSERT INTO `weather_station` VALUES ('1495', '101260206', '342', '凤冈', null);
INSERT INTO `weather_station` VALUES ('1496', '101260207', '342', '桐梓', null);
INSERT INTO `weather_station` VALUES ('1497', '101260208', '342', '赤水', null);
INSERT INTO `weather_station` VALUES ('1498', '101260209', '342', '习水', null);
INSERT INTO `weather_station` VALUES ('1499', '101260210', '342', '道真', null);
INSERT INTO `weather_station` VALUES ('1500', '101260301', '343', '安顺', null);
INSERT INTO `weather_station` VALUES ('1501', '101260302', '343', '普定', null);
INSERT INTO `weather_station` VALUES ('1502', '101260303', '343', '镇宁', null);
INSERT INTO `weather_station` VALUES ('1503', '101260304', '343', '平坝', null);
INSERT INTO `weather_station` VALUES ('1504', '101260305', '343', '紫云', null);
INSERT INTO `weather_station` VALUES ('1505', '101260306', '343', '关岭', null);
INSERT INTO `weather_station` VALUES ('1506', '101260411', '344', '三都', null);
INSERT INTO `weather_station` VALUES ('1507', '101260401', '344', '都匀', null);
INSERT INTO `weather_station` VALUES ('1508', '101260412', '344', '荔波', null);
INSERT INTO `weather_station` VALUES ('1509', '101260402', '344', '贵定', null);
INSERT INTO `weather_station` VALUES ('1510', '101260403', '344', '瓮安', null);
INSERT INTO `weather_station` VALUES ('1511', '101260404', '344', '长顺', null);
INSERT INTO `weather_station` VALUES ('1512', '101260405', '344', '福泉', null);
INSERT INTO `weather_station` VALUES ('1513', '101260406', '344', '惠水', null);
INSERT INTO `weather_station` VALUES ('1514', '101260407', '344', '龙里', null);
INSERT INTO `weather_station` VALUES ('1515', '101260408', '344', '罗甸', null);
INSERT INTO `weather_station` VALUES ('1516', '101260409', '344', '平塘', null);
INSERT INTO `weather_station` VALUES ('1517', '101260410', '344', '独山', null);
INSERT INTO `weather_station` VALUES ('1518', '101260511', '345', '剑河', null);
INSERT INTO `weather_station` VALUES ('1519', '101260501', '345', '凯里', null);
INSERT INTO `weather_station` VALUES ('1520', '101260512', '345', '雷山', null);
INSERT INTO `weather_station` VALUES ('1521', '101260502', '345', '岑巩', null);
INSERT INTO `weather_station` VALUES ('1522', '101260513', '345', '黎平', null);
INSERT INTO `weather_station` VALUES ('1523', '101260503', '345', '施秉', null);
INSERT INTO `weather_station` VALUES ('1524', '101260514', '345', '天柱', null);
INSERT INTO `weather_station` VALUES ('1525', '101260504', '345', '镇远', null);
INSERT INTO `weather_station` VALUES ('1526', '101260515', '345', '锦屏', null);
INSERT INTO `weather_station` VALUES ('1527', '101260505', '345', '黄平', null);
INSERT INTO `weather_station` VALUES ('1528', '101260516', '345', '榕江', null);
INSERT INTO `weather_station` VALUES ('1529', '101260517', '345', '从江', null);
INSERT INTO `weather_station` VALUES ('1530', '101260507', '345', '麻江', null);
INSERT INTO `weather_station` VALUES ('1531', '101260508', '345', '丹寨', null);
INSERT INTO `weather_station` VALUES ('1532', '101260509', '345', '三穗', null);
INSERT INTO `weather_station` VALUES ('1533', '101260510', '345', '台江', null);
INSERT INTO `weather_station` VALUES ('1534', '101260611', '346', '松桃', null);
INSERT INTO `weather_station` VALUES ('1535', '101260601', '346', '铜仁', null);
INSERT INTO `weather_station` VALUES ('1536', '101260602', '346', '江口', null);
INSERT INTO `weather_station` VALUES ('1537', '101260603', '346', '玉屏', null);
INSERT INTO `weather_station` VALUES ('1538', '101260604', '346', '万山', null);
INSERT INTO `weather_station` VALUES ('1539', '101260605', '346', '思南', null);
INSERT INTO `weather_station` VALUES ('1540', '101260607', '346', '印江', null);
INSERT INTO `weather_station` VALUES ('1541', '101260608', '346', '石阡', null);
INSERT INTO `weather_station` VALUES ('1542', '101260609', '346', '沿河', null);
INSERT INTO `weather_station` VALUES ('1543', '101260610', '346', '德江', null);
INSERT INTO `weather_station` VALUES ('1544', '101260701', '347', '毕节', null);
INSERT INTO `weather_station` VALUES ('1545', '101260702', '347', '赫章', null);
INSERT INTO `weather_station` VALUES ('1546', '101260703', '347', '金沙', null);
INSERT INTO `weather_station` VALUES ('1547', '101260704', '347', '威宁', null);
INSERT INTO `weather_station` VALUES ('1548', '101260705', '347', '大方', null);
INSERT INTO `weather_station` VALUES ('1549', '101260706', '347', '纳雍', null);
INSERT INTO `weather_station` VALUES ('1550', '101260707', '347', '织金', null);
INSERT INTO `weather_station` VALUES ('1551', '101260708', '347', '黔西', null);
INSERT INTO `weather_station` VALUES ('1552', '101260801', '348', '水城', null);
INSERT INTO `weather_station` VALUES ('1553', '101260802', '348', '六枝', null);
INSERT INTO `weather_station` VALUES ('1554', '101260804', '348', '盘县', null);
INSERT INTO `weather_station` VALUES ('1555', '101260901', '349', '兴义', null);
INSERT INTO `weather_station` VALUES ('1556', '101260902', '349', '晴隆', null);
INSERT INTO `weather_station` VALUES ('1557', '101260903', '349', '兴仁', null);
INSERT INTO `weather_station` VALUES ('1558', '101260904', '349', '贞丰', null);
INSERT INTO `weather_station` VALUES ('1559', '101260905', '349', '望谟', null);
INSERT INTO `weather_station` VALUES ('1560', '101260907', '349', '安龙', null);
INSERT INTO `weather_station` VALUES ('1561', '101260908', '349', '册亨', null);
INSERT INTO `weather_station` VALUES ('1562', '101260909', '349', '普安', null);

-- ----------------------------
-- Table structure for weather_weather
-- ----------------------------
DROP TABLE IF EXISTS `weather_weather`;
CREATE TABLE `weather_weather` (
  `id` bigint(20) NOT NULL AUTO_INCREMENT,
  `station_id` bigint(20) DEFAULT NULL,
  `hour` varchar(1000) DEFAULT NULL,
  `today` varchar(1000) DEFAULT NULL,
  `nextday` varchar(1000) DEFAULT NULL,
  `next2day` varchar(1000) DEFAULT NULL,
  `next3day` varchar(1000) DEFAULT NULL,
  `next4day` varchar(1000) DEFAULT NULL,
  `next5day` varchar(1000) DEFAULT NULL,
  `next6day` varchar(1000) DEFAULT NULL,
  `t24situation` varchar(1000) DEFAULT NULL,
  `other` varchar(1000) DEFAULT NULL,
  PRIMARY KEY (`id`)
) ENGINE=InnoDB AUTO_INCREMENT=1546 DEFAULT CHARSET=utf8;

-- ----------------------------
-- Records of weather_weather
-- ----------------------------
INSERT INTO `weather_weather` VALUES ('1', '809', '[\"21日08时,d01,多云,26℃,东南风,<3级,1\",\"21日11时,d01,多云,31℃,东南风,<3级,1\",\"21日14时,d01,多云,35℃,东南风,<3级,3\",\"21日17时,d01,多云,35℃,东南风,<3级,3\",\"21日20时,n01,多云,32℃,东南风,<3级,0\",\"21日23时,n02,阴,27℃,东北风,<3级,0\",\"22日02时,n02,阴,22℃,东北风,<3级,0\",\"22日05时,n04,雷阵雨,22℃,东北风,<3级,0\",\"22日08时,d04,雷阵雨,21℃,东北风,<3级,3\"]', '21日（今天）,多云转雷阵雨,36/21℃,东南风/东北风,<3级', '22日（明天）,雷阵雨转多云,31/20℃,北风/西北风,<3级', '23日（后天）,多云转晴,34/23℃,东南风/东北风,<3级', '24日（周日）,多云转雷阵雨,33/23℃,北风/北风,<3级', '25日（周一）,雷阵雨,34/24℃,西北风/西北风,<3级', '26日（周二）,多云转晴,34/22℃,南风/西北风,<3级', '27日（周三）,多云,36/24℃,西风/西北风,<3级', null, null);
